Order Date,Region ,Total Revenue,unitsSold,Discount %
2025-06-25,North America,145628.58,3268,0.2
2025-01-03,APAC,58926.27,1219,6.7
2025-04-08,EMEA,78317.37,1654,6.9
2024-05-23,EMEA,58308.72,1421,9.2
2025-03-07,North America,144793.59,3245,1.9
2025-09-15,North America,139159.92,3496,5.5
2025-03-14,LATAM,29058.57,617,5.0
2025-10-29,North America,146794.48,2984,14.2
2025-06-10,North America,146846.96,3420,8.0
2024-10-09,LATAM,20849.0,477,5.2
2025-12-12,North America,158056.83,3045,11.7
2025-04-01,EMEA,79803.52,1607,4.4
2024-01-31,LATAM,20728.82,501,12.6
2024-08-04,APAC,34601.72,769,3.7
2024-03-04,EMEA,51921.26,1042,3.7
2024-10-31,APAC,51897.26,1247,9.9
2024-06-20,EMEA,52489.18,1316,3.2
2024-06-01,EMEA,41940.61,1056,8.0
2024-12-07,North America,91754.67,1808,1.6
2024-04-20,EMEA,46851.42,1216,2.1
2025-09-11,EMEA,68832.76,1599,2.8
2024-12-05,APAC,56981.91,1158,1.4
2024-07-17,North America,91687.63,2346,3.8
2025-06-05,LATAM,28074.98,702,5.3
2024-10-24,North America,97716.81,2125,4.8
2025-05-30,APAC,79020.42,1738,4.7
2025-08-04,North America,140692.0,2964,12.0
2025-07-11,EMEA,70488.7,1550,4.6
2024-02-23,North America,91854.08,1985,7.4
2025-08-29,APAC,73350.84,1639,9.1
2025-04-21,LATAM,30568.02,599,4.5
2024-12-21,EMEA,49673.49,1242,9.8
2024-08-25,LATAM,13401.98,293,3.1
2025-04-22,North America,138356.14,2861,8.6
2025-01-18,LATAM,20198.35,432,2.4
2025-04-17,EMEA,75315.67,1939,3.2
2025-06-13,EMEA,72968.06,1405,19.0
2025-08-08,EMEA,66190.04,1328,12.9
2024-11-21,North America,100199.49,1975,4.5
2024-11-11,North America,104235.13,2349,2.5
2025-07-03,EMEA,75332.11,1484,5.5
2024-09-01,APAC,40350.2,779,12.3
2024-10-07,LATAM,17339.7,337,3.3
2024-05-22,EMEA,58309.63,1375,7.2
2025-12-06,APAC,69885.54,1702,5.0
2024-09-25,LATAM,18537.64,371,8.6
2025-06-17,LATAM,27907.61,659,3.8
2025-01-14,LATAM,26403.1,511,3.2
2025-12-10,LATAM,25156.04,521,7.0
2025-10-15,APAC,74886.22,1783,5.2
2024-08-14,APAC,47961.67,930,5.9
2025-03-30,LATAM,23267.1,514,6.3
2024-09-22,EMEA,39734.0,941,1.8
2024-02-25,North America,66585.89,1608,7.0
2025-01-12,LATAM,19721.88,450,6.1
2024-11-26,APAC,52055.09,1012,4.5
2024-09-23,APAC,46616.84,1197,1.7
2024-08-29,APAC,42886.5,1061,6.9
2024-01-31,APAC,37786.45,956,11.5
2025-07-10,APAC,74459.68,1810,9.3
2025-09-23,APAC,74991.85,1606,3.2
2025-06-09,North America,143814.41,3684,10.3
2025-07-07,LATAM,27088.66,606,2.6
2025-12-20,LATAM,23023.94,566,7.2
2025-08-24,APAC,65977.38,1401,11.2
2025-06-20,LATAM,,632,5.4
2025-03-04,North America,143657.91,3029,4.1
2024-06-26,LATAM,23289.85,479,6.4
2024-01-16,EMEA,45024.48,1179,7.7
2024-12-13,EMEA,62995.5,1632,5.9
2024-04-08,EMEA,54977.48,1283,5.9
2025-05-21,LATAM,27892.3,538,3.8
2024-06-06,EMEA,51247.85,991,2.6
2025-04-06,APAC,64770.14,1296,4.2
2024-04-06,North America,84905.36,2077,3.5
2024-08-06,EMEA,51589.58,1093,10.4
2024-02-08,LATAM,20378.8,467,11.3
2025-11-25,LATAM,27213.66,707,10.5
2025-05-23,North America,140921.96,2736,6.2
2025-03-29,APAC,65568.42,1294,8.3
2025-12-18,North America,163282.61,3829,1.1
2025-06-11,EMEA,74073.13,1864,20.4
2024-09-16,EMEA,47518.82,1010,5.9
2024-12-24,APAC,58348.27,1439,16.8
2025-07-10,EMEA,69049.15,1546,2.3
2025-01-23,LATAM,26713.91,627,1.5
2024-12-21,APAC,52664.28,1067,7.4
2025-11-16,North America,130867.3,3327,7.5
2025-10-05,LATAM,19636.44,485,7.8
2024-10-19,APAC,40162.49,809,7.1
2024-01-24,APAC,33248.71,651,3.4
2024-08-12,North America,91286.86,2037,6.5
2025-11-01,LATAM,,518,1.1
2024-09-21,LATAM,14823.54,301,2.0
2025-07-15,North America,140212.3,2948,1.5
2025-11-04,LATAM,26377.79,520,13.2
2025-10-06,APAC,78061.8,1565,1.7
2025-07-17,EMEA,69951.81,1656,5.1
2025-01-11,North America,107956.35,2725,8.1
2025-07-30,EMEA,71793.96,1382,5.1
2024-08-25,APAC,34193.77,838,7.6
2024-05-17,North America,91514.68,1786,13.7
2024-08-19,APAC,50495.23,1316,2.3
2024-03-08,LATAM,22531.4,467,4.9
2024-11-07,APAC,51304.53,1295,9.8
2024-04-09,LATAM,23598.9,505,6.6
2024-06-17,APAC,47188.53,996,4.8
2024-11-08,EMEA,53321.05,1275,7.8
2025-03-16,LATAM,22740.36,451,5.5
2024-04-17,EMEA,61762.7,1431,3.8
2024-12-01,APAC,49931.07,1017,6.7
2025-03-09,North America,112038.15,2479,5.2
2024-11-12,LATAM,23626.16,473,7.7
2024-10-17,LATAM,21465.13,497,4.5
2025-03-13,LATAM,31470.3,708,4.2
2025-05-30,EMEA,76721.64,2011,6.9
2024-05-15,North America,97247.32,2554,7.6
2024-09-11,LATAM,18944.73,371,4.0
2025-07-10,North America,133889.18,2667,3.4
2025-08-06,APAC,75529.8,1645,6.7
2024-02-22,APAC,41541.67,1033,9.3
2025-10-13,APAC,77579.88,1521,1.1
2025-11-03,LATAM,26229.32,647,11.8
2025-07-13,North America,125561.51,2614,8.9
2024-03-24,LATAM,19092.25,443,2.5
2024-12-15,North America,96750.41,2049,4.3
2025-03-22,North America,114106.9,2578,6.4
2025-03-05,North America,138905.94,2893,12.4
2024-01-06,North America,50035.55,1140,9.4
2024-08-13,North America,89328.42,1793,4.5
2025-08-03,EMEA,61430.07,1198,7.0
2024-05-23,APAC,51095.98,1342,6.7
2025-12-17,North America,159393.58,3904,2.5
2025-10-21,LATAM,26873.53,626,6.6
2025-09-30,LATAM,25359.0,505,11.3
2025-04-10,LATAM,27937.2,605,3.2
2024-04-22,EMEA,53096.91,1043,11.0
2025-09-07,North America,120953.42,2516,2.0
2025-10-26,LATAM,21092.81,492,4.5
2024-07-23,EMEA,54030.43,1090,1.9
2025-04-12,EMEA,61373.61,1533,4.4
2025-07-10,APAC,74459.68,1810,9.3
2024-10-12,APAC,38232.97,859,3.8
2024-01-02,North America,70517.74,1464,5.1
2025-12-08,EMEA,79149.87,2040,2.1
2024-05-10,LATAM,22870.61,555,9.6
2025-07-11,North America,146927.59,3529,5.1
2024-11-28,LATAM,20364.34,494,9.2
2025-07-08,APAC,73667.63,1795,2.4
2024-04-01,APAC,42446.32,1076,0.9
2025-09-23,EMEA,69150.15,1681,2.9
2024-12-30,North America,121034.57,2823,3.7
2024-08-27,LATAM,20022.39,497,7.0
2024-01-28,EMEA,33169.84,766,3.9
2024-12-29,LATAM,18110.34,423,9.4
2024-11-18,APAC,54722.71,1070,6.1
2024-04-27,North America,83146.42,1901,3.0
2025-06-17,North America,143137.24,3221,5.7
2024-11-09,EMEA,36455.29,775,5.4
2024-07-08,North America,91452.76,1868,5.3
2024-03-09,EMEA,43499.08,1106,3.2
2024-09-23,LATAM,20518.1,526,6.8
2025-05-07,North America,134119.77,3103,6.4
2025-12-17,LATAM,28499.52,739,10.9
2025-02-14,LATAM,28837.05,676,11.6
2024-10-07,EMEA,53230.38,1156,1.5
2024-06-14,LATAM,21941.29,489,13.9
2024-04-11,EMEA,56497.51,1397,4.4
2025-05-15,APAC,77761.48,1981,2.1
2025-01-03,EMEA,65567.5,1315,7.2
2025-04-21,APAC,73904.46,1452,5.0
2025-05-17,EMEA,59742.2,1518,3.2
2024-08-30,LATAM,19005.79,417,15.2
2024-03-20,EMEA,51954.63,1002,0.5
2025-06-08,APAC,65446.35,1398,3.5
2024-12-11,APAC,57825.73,1113,1.6
2025-05-03,APAC,68110.56,1366,7.5
2025-10-04,EMEA,59384.05,1310,6.1
2024-02-27,LATAM,20445.73,502,9.7
2025-03-12,North America,141550.67,2883,8.7
2024-11-16,APAC,41379.55,1016,2.0
2025-02-10,LATAM,25473.05,668,10.2
2025-06-12,LATAM,27613.33,609,7.7
2025-07-16,APAC,76569.1,1643,6.7
2024-07-29,LATAM,20980.46,404,4.0
2025-08-05,LATAM,26012.12,580,1.2
2025-03-09,APAC,64939.26,1600,4.4
2024-12-28,LATAM,17948.46,364,3.7
2024-06-07,EMEA,50036.51,1260,8.1
2024-02-24,EMEA,41771.61,1048,10.5
2024-08-23,North America,90073.19,2070,7.3
2024-03-03,EMEA,40840.12,992,4.6
2024-08-29,EMEA,44751.69,1031,10.0
2024-05-11,EMEA,40665.32,876,6.9
2024-09-08,North America,76756.89,1484,4.2
2025-07-26,APAC,66293.82,1679,8.6
2025-02-21,North America,136508.12,2987,3.4
2024-03-25,EMEA,62898.33,1334,6.6
2025-12-15,APAC,83623.96,2127,1.6
2024-01-18,APAC,32565.63,719,4.5
2025-05-23,APAC,,1524,1.9
2025-09-06,APAC,67195.77,1656,7.7
2025-04-21,EMEA,72155.41,1440,8.5
2025-11-29,APAC,74131.03,1741,6.2
2024-06-25,APAC,48697.54,1073,1.6
2024-03-17,EMEA,43154.67,962,2.3
2025-06-07,EMEA,60528.51,1286,4.6
2025-08-22,North America,139561.12,3464,11.9
2025-09-15,LATAM,26699.51,533,4.6
2024-02-07,LATAM,22596.92,575,3.3
2024-12-15,APAC,52403.16,1109,6.8
2025-04-27,APAC,63861.59,1263,4.5
2025-08-07,North America,144275.67,3096,1.4
2025-04-08,North America,143092.9,3062,5.0
2024-12-02,EMEA,60589.58,1406,1.3
2025-01-29,EMEA,69384.32,1431,4.8
2025-12-24,North America,159874.22,4161,6.5
2025-08-20,LATAM,25880.0,586,7.6
2025-12-16,APAC,87456.63,1737,4.8
2024-09-29,North America,79507.07,1684,5.0
2024-04-03,EMEA,56353.59,1310,10.7
2024-01-05,North America,78632.03,1726,12.0
2024-09-19,LATAM,18605.84,466,4.7
2024-05-17,EMEA,60046.68,1428,8.8
2024-08-24,EMEA,38392.1,847,2.0
2024-05-02,LATAM,23467.81,613,5.0
2024-02-03,APAC,26684.63,702,9.9
2024-12-03,APAC,55623.22,1120,5.1
2025-12-24,LATAM,27787.08,596,3.6
2024-10-30,LATAM,19841.73,405,3.7
2025-12-30,EMEA,86624.98,1953,2.9
2025-04-29,LATAM,30325.29,593,2.9
2025-08-19,EMEA,72154.04,1888,5.1
2024-09-24,APAC,49553.49,1294,3.6
2024-04-02,LATAM,23899.22,496,3.2
2024-11-04,APAC,49257.3,1251,10.8
2025-11-13,North America,153692.81,3065,6.8
2025-09-03,LATAM,25798.78,610,1.3
2024-09-05,APAC,45709.76,1079,17.0
2025-10-10,North America,140825.85,2769,9.7
2024-02-01,North America,78752.95,1901,10.0
2024-05-06,North America,96061.36,2299,6.5
2025-09-29,LATAM,24621.43,511,5.1
2024-04-24,LATAM,22265.01,480,4.6
2025-11-25,APAC,84773.3,2083,6.0
2024-11-29,APAC,57011.76,1130,6.1
2024-07-16,North America,96051.65,1925,2.5
2024-04-18,North America,92052.39,2410,8.1
2024-02-01,LATAM,18681.75,406,2.9
2025-05-01,LATAM,27321.25,541,5.7
2025-11-07,APAC,79706.3,1645,8.8
2024-09-20,North America,95143.7,2048,15.6
2025-10-21,EMEA,71870.78,1551,3.5
2024-06-08,LATAM,16377.66,321,3.0
2025-03-16,North America,119367.02,2799,4.7
2024-03-13,EMEA,56110.58,1402,0.4
2025-12-26,APAC,93490.24,2350,4.2
2024-06-01,APAC,34894.04,757,7.6
2025-01-31,North America,123994.26,3086,3.8
2024-08-30,LATAM,19005.79,417,15.2
2025-07-09,LATAM,29498.36,759,3.3
2024-12-17,LATAM,24502.83,472,8.9
2025-02-10,APAC,66566.83,1472,10.9
2025-06-03,LATAM,29576.19,634,4.3
2024-05-09,EMEA,53990.41,1250,3.8
2025-06-09,APAC,71370.95,1400,13.3
2024-09-30,LATAM,17216.87,388,1.6
2025-04-30,LATAM,28903.23,646,5.9
2024-02-29,APAC,42308.74,957,8.1
2024-10-25,LATAM,19415.97,505,15.5
2024-04-25,APAC,44916.88,882,5.0
2024-08-09,EMEA,48146.61,936,8.0
2025-12-29,North America,168245.22,3777,3.9
2025-03-03,North America,132303.24,3417,0.4
2024-12-14,APAC,47540.99,927,6.0
2025-02-05,EMEA,67838.79,1472,13.3
2025-06-21,APAC,68254.0,1416,3.4
2024-05-21,LATAM,23619.42,474,3.4
2024-06-25,North America,94828.05,1954,6.5
2024-06-06,APAC,45555.64,1101,0.5
2024-03-09,LATAM,19616.43,398,3.8
2025-10-26,North America,131741.51,2619,11.2
2025-04-27,LATAM,23759.33,624,6.9
2025-10-31,North America,150357.98,3007,2.2
2024-05-17,APAC,47529.77,1116,8.5
2024-01-05,EMEA,46296.88,939,2.6
2025-03-26,North America,143588.07,3363,3.3
2024-10-02,North America,97211.11,2516,10.8
2024-03-10,EMEA,43985.06,1089,7.9
2025-11-28,APAC,85103.32,1739,7.8
2024-11-26,North America,109204.39,2327,14.1
2024-01-08,North America,75634.58,1493,12.1
2024-04-12,North America,100030.05,2229,1.7
2025-11-20,North America,,3879,3.7
2025-07-23,North America,143717.02,2770,1.8
2025-06-14,EMEA,62952.28,1640,4.8
2024-02-18,EMEA,39265.52,1009,5.3
2024-09-10,EMEA,50882.36,1022,1.9
2025-05-20,EMEA,78186.94,1547,12.2
2024-12-25,LATAM,25102.64,551,3.6
2025-04-13,EMEA,60224.72,1195,8.5
2025-03-06,North America,139131.32,3482,4.7
2025-08-12,LATAM,26095.54,560,2.3
2024-03-01,EMEA,51892.64,1062,6.0
2024-01-24,EMEA,49592.06,1203,12.2
2024-03-22,APAC,48699.07,1272,0.6
2024-05-22,APAC,49066.35,1059,5.2
2024-12-07,EMEA,50075.62,1053,8.9
2024-08-21,North America,94133.22,1882,8.2
2025-04-12,APAC,63755.47,1597,7.0
2024-07-01,LATAM,21469.08,467,1.4
2024-02-15,North America,,1732,1.8
2024-12-11,LATAM,20403.19,452,1.6
2025-10-09,LATAM,,603,5.4
2024-02-04,APAC,30420.16,708,0.6
2025-01-27,APAC,64719.14,1281,5.1
2025-09-20,APAC,66321.73,1289,6.3
2024-11-05,APAC,51339.52,1106,6.3
2024-12-04,EMEA,55956.83,1248,6.3
2025-08-27,North America,141350.17,3350,2.3
2024-11-10,LATAM,15439.77,360,6.1
2024-01-03,North America,76723.03,1485,1.6
2024-08-29,North America,95065.99,2186,4.4
2025-06-07,LATAM,,546,9.7
2025-10-11,EMEA,56906.67,1222,7.9
2025-03-21,North America,141996.45,3315,4.4
2024-11-13,EMEA,58644.07,1199,0.5
2025-06-25,APAC,75484.65,1773,3.9
2024-11-28,EMEA,56026.3,1138,14.6
2025-11-12,EMEA,71988.67,1490,1.0
2024-04-13,EMEA,45590.26,1183,10.4
2025-04-20,LATAM,26145.87,538,9.5
2025-05-04,APAC,67139.33,1319,6.3
2024-06-01,LATAM,17450.2,367,9.1
2025-04-20,EMEA,66294.38,1447,1.9
2024-03-26,North America,100317.92,2379,4.5
2025-08-07,EMEA,68786.06,1694,6.0
2024-04-10,North America,96074.27,2064,8.6
2024-07-03,EMEA,51693.6,1065,6.6
2024-12-09,LATAM,24831.13,521,7.3
2025-02-20,APAC,70369.41,1566,6.3
2025-04-24,APAC,77380.64,1779,7.8
2025-05-15,LATAM,29909.84,595,10.6
2024-09-10,APAC,46353.07,927,6.8
2024-03-08,APAC,,918,7.2
2024-04-12,EMEA,57363.67,1179,4.0
2024-11-30,North America,86488.84,1966,2.8
2024-07-17,APAC,47281.65,935,5.8
2025-11-22,North America,136913.32,3207,7.0
2025-11-22,EMEA,62536.38,1406,1.3
2025-05-11,APAC,67009.66,1552,10.6
2024-09-08,LATAM,13516.77,308,12.7
2024-08-11,North America,65018.21,1300,6.8
2025-07-05,EMEA,63078.14,1214,13.5
2025-07-04,North America,144435.4,3328,1.1
2024-04-23,LATAM,20618.11,421,10.6
2024-07-02,LATAM,22029.56,442,5.2
2025-09-16,LATAM,23427.7,483,4.0
2024-05-09,LATAM,24829.24,631,4.0
2024-09-20,EMEA,53032.94,1166,9.0
2024-08-21,LATAM,21161.29,454,4.4
2025-04-04,North America,142128.79,2739,3.2
2024-12-19,APAC,61875.58,1473,4.8
2025-09-12,EMEA,68153.69,1426,7.5
2025-06-04,EMEA,73517.91,1681,7.8
2024-01-25,LATAM,20267.31,416,10.6
2025-04-13,APAC,65663.33,1481,1.6
2025-06-14,APAC,64418.95,1529,12.4
2025-03-07,EMEA,,1514,3.8
2025-05-10,LATAM,21914.35,485,5.7
2024-06-26,APAC,49287.88,1142,6.4
2024-07-06,LATAM,14739.44,340,3.6
2024-07-25,LATAM,21651.31,476,20.2
2024-08-17,LATAM,14606.37,331,3.8
2025-05-08,APAC,73783.98,1464,5.5
2025-08-27,LATAM,24871.68,490,4.8
2024-10-20,APAC,39715.25,766,9.2
2025-09-14,North America,116268.72,2701,3.6
2025-02-21,LATAM,27826.54,612,4.6
2024-04-25,North America,92504.45,2202,2.5
2025-04-03,North America,144704.07,3170,5.1
2025-01-10,North America,117181.87,2447,2.2
2024-01-03,LATAM,,514,9.4
2025-09-04,APAC,73977.13,1650,7.9
2024-07-18,APAC,47499.87,1072,2.3
2025-09-17,North America,150672.16,3014,13.4
2025-06-18,North America,141674.79,3008,4.3
2025-01-21,APAC,64679.56,1477,5.9
2025-05-14,EMEA,71298.3,1389,8.7
2025-10-05,EMEA,58242.03,1130,2.6
2024-04-05,EMEA,56079.41,1437,6.9
2025-04-16,LATAM,29559.28,614,13.9
2025-09-11,LATAM,24110.94,582,1.1
2025-10-06,LATAM,25448.14,551,3.0
2025-05-03,EMEA,,1410,13.3
2025-01-29,North America,135245.46,3193,3.1
2024-08-07,EMEA,51621.24,1139,3.2
2024-08-21,APAC,44450.16,1092,4.9
2024-11-06,North America,100393.55,2368,8.4
2024-11-19,LATAM,22328.93,469,11.2
2024-06-28,LATAM,21031.86,424,3.8
2025-04-06,LATAM,25121.65,613,6.1
2024-11-15,North America,107329.71,2347,2.2
2024-11-21,APAC,53928.37,1404,1.6
2025-06-17,APAC,74562.08,1837,8.3
2025-07-17,LATAM,27776.88,563,9.0
2025-06-03,APAC,74555.13,1770,4.5
2024-04-21,EMEA,42307.14,871,6.4
2024-11-02,LATAM,16605.7,328,4.8
2025-05-20,North America,143959.53,2841,7.7
2024-05-28,EMEA,54924.2,1340,2.8
2025-12-09,LATAM,29064.05,731,1.9
2024-09-17,EMEA,45562.19,1045,3.7
2025-01-10,EMEA,64664.18,1399,4.8
2024-01-19,EMEA,47020.45,916,2.7
2024-04-05,North America,98401.41,2110,4.4
2025-11-15,EMEA,60261.73,1226,6.1
2025-07-21,LATAM,27027.98,700,6.5
2024-09-30,EMEA,45815.09,1049,5.8
2025-04-02,APAC,69862.95,1524,1.4
2025-06-13,North America,136629.6,2919,4.2
2024-06-27,APAC,43922.37,869,3.8
2025-04-25,EMEA,80675.85,1745,0.8
2024-09-03,LATAM,18624.24,385,2.4
2024-04-28,APAC,41168.81,980,5.1
2025-05-26,EMEA,73695.64,1726,14.5
2024-05-12,APAC,32568.55,659,11.6
2024-02-05,LATAM,18787.01,473,7.0
2024-09-25,EMEA,49806.1,961,1.9
2024-07-12,LATAM,21810.3,466,3.1
2024-04-09,APAC,48065.32,1242,3.7
2024-03-30,APAC,37794.3,892,3.5
2025-04-28,APAC,75589.39,1507,7.2
2024-12-29,EMEA,51186.11,1239,3.6
2025-02-07,North America,136018.82,2868,6.2
2025-02-28,North America,140218.67,3335,10.1
2024-02-03,EMEA,38572.91,1005,11.5
2025-10-17,EMEA,70591.35,1655,3.4
2025-08-09,North America,115154.79,2226,2.4
2025-01-15,LATAM,24726.44,566,4.7
2025-06-10,EMEA,70695.7,1622,8.3
2025-03-19,North America,141850.58,2737,7.1
2025-12-08,North America,155824.15,3792,4.0
2025-04-19,APAC,65047.21,1435,1.3
2024-10-05,EMEA,38201.53,829,5.9
2025-06-21,EMEA,57787.29,1445,8.4
2024-06-04,North America,99835.41,2363,5.3
2024-09-21,APAC,41174.71,882,10.9
2024-12-28,EMEA,49648.76,997,9.6
2024-09-16,North America,93615.32,1806,6.3
2024-04-04,APAC,42020.61,900,15.2
2025-08-06,LATAM,25322.59,505,0.8
2025-02-18,North America,137007.56,3013,4.0
2025-12-17,EMEA,77813.73,1694,1.0
2024-10-27,North America,84197.42,1742,12.3
2025-08-09,EMEA,59775.78,1213,3.1
2025-10-01,EMEA,68314.33,1379,3.0
2025-06-05,EMEA,75987.91,1797,10.8
2024-04-13,North America,76602.41,1572,3.1
2024-05-10,EMEA,56923.16,1215,5.7
2025-11-24,LATAM,25712.71,639,9.3
2025-11-08,APAC,70655.73,1413,3.1
2025-06-03,LATAM,29576.19,634,4.3
2025-12-06,North America,129599.39,3000,2.8
2024-02-20,North America,91722.85,2351,2.6
2024-10-25,APAC,53586.39,1134,2.0
2025-11-09,LATAM,23262.44,496,2.0
2025-08-22,EMEA,71001.21,1388,6.3
2024-03-23,EMEA,40501.83,815,6.3
2025-01-20,EMEA,72278.52,1891,3.4
2024-08-18,EMEA,31955.39,627,2.6
2025-01-08,North America,119638.33,2407,7.6
2024-10-04,APAC,50370.11,1106,3.5
2024-11-28,North America,112091.49,2773,6.5
2024-04-06,APAC,37913.65,775,6.7
2024-08-01,North America,98428.07,2012,10.2
2025-09-02,LATAM,24600.07,577,8.4
2024-08-15,EMEA,49866.17,1036,4.1
2024-09-27,EMEA,51839.01,1317,5.6
2024-04-21,North America,68154.45,1453,2.2
2025-08-30,APAC,66488.18,1578,6.2
2025-08-07,APAC,76997.9,1573,0.6
2024-08-26,North America,89221.84,1860,14.6
2025-08-11,APAC,71510.44,1443,9.3
2024-08-28,EMEA,47195.43,1105,9.0
2024-07-22,North America,84265.98,1765,7.5
2024-03-08,North America,97395.55,1899,11.7
2025-09-13,EMEA,60251.28,1188,4.4
2025-09-18,North America,141298.05,3463,7.4
2024-08-18,North America,78610.53,2010,2.7
2025-10-03,LATAM,26380.27,524,0.9
2025-09-05,EMEA,67786.84,1318,10.1
2024-09-17,LATAM,17699.33,464,7.2
2024-04-23,APAC,46487.56,1013,14.5
2024-11-30,LATAM,15609.96,363,9.5
2024-10-17,EMEA,50717.42,999,8.1
2024-04-15,APAC,43269.43,1080,11.5
2025-10-04,LATAM,17896.21,433,3.7
2024-11-04,LATAM,22524.16,484,8.2
2025-09-04,North America,150757.26,3060,2.2
2024-08-11,APAC,42079.85,1049,5.0
2025-09-12,LATAM,23349.78,611,2.1
2025-05-09,EMEA,73634.47,1458,4.6
2025-02-19,North America,136042.83,3303,3.8
2025-08-13,APAC,69238.76,1694,8.3
2025-07-28,North America,140777.74,2970,10.5
2024-02-26,LATAM,23395.68,582,5.9
2024-09-28,LATAM,14404.47,330,2.5
2024-05-20,EMEA,55381.7,1145,12.4
2025-08-28,LATAM,24633.8,509,3.3
2025-11-02,EMEA,62231.24,1524,8.4
2025-07-23,APAC,75601.96,1846,7.7
2025-12-01,APAC,80169.63,1685,1.3
2025-01-25,APAC,58220.73,1329,9.3
2024-10-13,EMEA,38778.1,1008,10.1
2025-10-12,North America,129453.0,2731,10.1
2024-09-24,EMEA,49459.39,1139,4.5
2024-12-18,LATAM,24272.02,613,12.2
2024-09-11,APAC,45979.53,1111,5.7
2024-07-21,LATAM,14103.48,325,7.9
2024-06-29,APAC,36505.84,928,1.4
2024-10-02,APAC,45469.07,930,2.3
2025-06-26,LATAM,26859.42,654,2.1
2024-11-13,LATAM,21216.28,412,10.5
2024-04-30,LATAM,24168.86,587,6.9
2024-03-17,North America,75438.07,1695,1.7
2024-01-01,APAC,34303.11,854,2.5
2024-12-23,APAC,61437.79,1606,2.3
2025-04-25,LATAM,,525,3.2
2024-05-25,LATAM,19133.25,473,7.4
2024-12-04,North America,111789.55,2317,2.5
2024-07-28,EMEA,41208.59,860,5.0
2025-05-15,North America,145885.21,2884,9.2
2024-10-18,North America,99905.98,2415,8.5
2025-12-04,LATAM,26489.93,571,4.2
2024-08-03,APAC,36345.74,714,10.5
2024-07-06,APAC,35417.66,775,8.5
2025-10-20,North America,148488.34,3019,14.5
2025-11-12,LATAM,26234.19,599,13.1
2025-05-03,LATAM,22570.59,453,5.5
2024-07-18,EMEA,52275.94,1305,8.4
2024-10-29,LATAM,22835.21,512,1.1
2024-01-15,EMEA,48343.18,1071,4.3
2024-07-27,EMEA,42769.88,1001,0.4
2025-08-04,EMEA,69671.62,1465,5.1
2025-12-01,North America,158278.65,3791,4.2
2025-09-03,EMEA,70568.03,1828,8.9
2025-10-14,EMEA,,1592,10.3
2024-01-16,APAC,31973.17,623,16.9
2024-01-04,North America,63926.68,1475,3.4
2025-11-24,North America,149996.84,3700,5.4
2024-07-29,APAC,46209.93,956,8.9
2025-11-14,APAC,77610.27,1696,10.7
2024-04-29,EMEA,57607.23,1502,1.4
2025-11-19,APAC,81867.89,2058,5.6
2025-06-19,North America,150439.3,3185,8.7
2024-04-16,APAC,42931.62,876,3.7
2024-10-21,EMEA,51371.35,1024,5.4
2024-06-16,APAC,37271.32,803,12.1
2024-08-18,LATAM,12934.77,267,12.2
2025-11-18,APAC,78626.91,1545,6.3
2024-10-31,LATAM,22338.61,508,9.1
2024-10-21,North America,99960.22,2153,14.4
2024-01-09,EMEA,42180.2,849,1.5
2024-11-06,EMEA,,1174,0.9
2024-05-28,LATAM,22506.98,447,12.9
2025-09-23,LATAM,23565.49,467,1.9
2025-04-22,EMEA,72993.89,1732,10.2
2024-04-26,LATAM,24007.29,609,8.2
2024-11-10,APAC,45692.84,1192,5.7
2024-07-05,LATAM,20364.81,504,8.0
2025-05-19,EMEA,,1460,2.3
2024-09-10,North America,89434.36,2001,8.3
2024-12-20,EMEA,63415.32,1647,7.2
2025-08-10,LATAM,19655.44,435,7.4
2024-02-07,EMEA,53177.08,1116,4.6
2025-02-19,APAC,64258.27,1597,7.6
2025-04-14,North America,149300.79,3369,9.7
2025-06-06,LATAM,29328.01,680,9.4
2024-06-02,LATAM,15763.23,317,5.2
2025-10-20,EMEA,66851.98,1723,2.1
2025-05-26,LATAM,27365.25,700,2.1
2024-12-04,LATAM,21634.46,483,11.7
2025-09-14,APAC,65548.34,1323,3.0
2025-07-31,North America,140343.45,2983,4.3
2024-10-16,APAC,44153.23,903,6.4
2024-05-13,LATAM,24411.69,532,3.9
2024-07-30,LATAM,19811.03,422,4.7
2025-10-25,North America,124423.21,2420,1.1
2025-01-01,North America,117916.49,2307,1.6
2024-07-26,LATAM,22050.01,510,3.2
2025-02-28,APAC,70272.21,1381,6.6
2024-05-12,LATAM,18844.86,399,1.4
2025-02-22,EMEA,62269.12,1393,4.9
2025-07-17,North America,138131.31,3244,5.2
2025-03-12,LATAM,28263.03,668,9.4
2025-05-19,North America,150162.97,2901,10.3
2025-10-25,EMEA,58198.73,1418,11.9
2024-07-07,APAC,37574.75,982,4.7
2024-10-19,LATAM,14717.94,366,6.7
2025-08-25,APAC,76720.21,1786,10.2
2025-01-28,North America,131615.56,2919,3.3
2025-02-12,North America,129840.15,2677,7.7
2024-01-27,APAC,26180.64,545,0.6
2024-03-06,APAC,37898.45,805,5.5
2024-07-21,EMEA,36328.39,867,4.9
2025-03-29,LATAM,23896.94,560,7.1
2024-02-04,North America,61592.07,1248,3.8
2025-04-01,North America,149046.22,3173,3.1
2025-02-12,LATAM,26603.57,557,5.3
2025-01-04,EMEA,52901.21,1162,9.3
2024-07-13,EMEA,38621.93,877,6.2
2025-06-21,LATAM,21317.75,499,5.1
2025-05-16,EMEA,75840.56,1672,5.2
2025-07-06,APAC,67525.16,1422,6.8
2024-06-19,APAC,43883.29,864,9.0
2024-07-28,North America,72383.55,1664,3.4
2025-10-05,APAC,67153.81,1573,6.3
2024-08-14,North America,,2088,4.7
2024-12-24,North America,124919.36,3242,15.2
2024-10-24,EMEA,45868.21,891,7.2
2025-06-16,North America,140230.57,3522,6.9
2025-09-26,LATAM,23262.71,519,1.5
2024-12-13,North America,112867.51,2722,6.2
2025-04-23,LATAM,28856.44,652,7.5
2024-06-12,APAC,,1241,9.4
2025-10-08,LATAM,25612.17,501,7.9
2025-07-14,APAC,72981.94,1907,4.4
2024-08-20,EMEA,45849.46,1033,7.5
2024-09-22,North America,72705.14,1491,5.6
2025-11-04,North America,140503.6,3036,11.0
2025-01-20,North America,121720.39,3125,12.6
2025-12-27,LATAM,23305.48,493,3.0
2025-12-21,LATAM,23797.29,506,14.6
2025-11-15,LATAM,22808.45,587,5.3
2024-05-23,North America,94281.93,2320,3.2
2024-01-28,North America,57877.01,1320,7.7
2024-06-15,North America,82912.39,1801,2.4
2025-06-13,APAC,69699.43,1526,11.3
2024-10-02,LATAM,22037.49,441,5.9
2024-01-09,North America,74187.19,1870,11.0
2025-10-19,LATAM,19235.16,436,2.8
2025-11-23,EMEA,67042.18,1400,4.9
2025-10-08,EMEA,69535.69,1429,4.0
2025-04-17,LATAM,30105.57,675,3.4
2025-06-14,North America,125212.11,2795,8.8
2024-09-09,LATAM,19228.83,412,0.9
2024-02-08,North America,82713.02,1732,3.9
2024-12-08,APAC,48386.75,1199,6.8
2025-12-26,LATAM,28628.52,577,5.7
2025-07-07,APAC,67490.17,1345,10.3
2024-01-10,LATAM,19341.97,496,4.6
2025-11-14,EMEA,73841.65,1460,3.0
2024-01-18,North America,77089.64,1683,11.6
2024-12-26,EMEA,62644.17,1503,0.9
2024-11-25,EMEA,52464.1,1295,9.4
2024-09-22,APAC,36847.28,850,4.6
2025-04-10,North America,146904.05,3676,12.3
2025-08-20,EMEA,72132.51,1582,6.8
2025-10-07,North America,,3868,4.9
2024-01-14,APAC,27405.04,617,4.3
2025-06-09,LATAM,26924.21,679,1.7
2024-06-13,LATAM,22870.74,463,6.4
2024-11-22,LATAM,20209.1,429,4.9
2024-07-11,North America,95607.6,2308,12.6
2024-07-27,LATAM,16590.47,352,4.0
2025-11-13,APAC,80823.3,1662,7.7
2024-04-18,EMEA,60581.04,1287,6.4
2025-12-01,EMEA,76231.74,1560,3.6
2024-07-09,LATAM,21506.55,434,5.0
2025-10-11,North America,126369.79,2527,2.4
2025-06-30,North America,143525.22,3400,6.0
2024-05-07,EMEA,59736.21,1355,2.4
2024-11-01,North America,91509.41,2012,6.1
2024-01-09,APAC,34521.75,691,3.5
2025-03-11,North America,133451.5,3336,7.3
2025-08-23,LATAM,18143.21,369,7.1
2024-07-14,LATAM,16735.26,355,9.9
2025-10-22,EMEA,75118.14,1575,2.4
2024-12-30,EMEA,63222.61,1253,2.5
2024-07-02,North America,92588.08,2400,1.4
2025-06-14,LATAM,22636.05,445,8.5
2025-02-09,North America,109169.71,2685,4.1
2025-08-24,North America,132648.56,3044,4.2
2025-06-23,APAC,74414.34,1933,8.8
2025-05-18,EMEA,64217.57,1515,1.0
2025-09-14,EMEA,56407.51,1135,5.7
2025-01-16,LATAM,24997.11,549,4.1
2024-06-05,EMEA,49598.61,1032,2.0
2025-09-29,North America,145195.96,3776,1.9
2024-12-13,APAC,,1183,4.3
2024-05-30,LATAM,21741.08,491,7.1
2025-06-06,APAC,71333.64,1524,7.0
2025-12-01,EMEA,76231.74,1560,3.6
2024-01-28,APAC,27262.05,527,5.8
2025-01-18,North America,98074.48,1921,3.3
2024-12-08,LATAM,16160.47,364,4.4
2025-11-14,LATAM,26359.68,683,2.6
2024-01-07,EMEA,29122.0,626,7.9
2025-12-25,North America,155107.0,3806,4.0
2025-09-24,APAC,81048.1,2009,6.2
2024-12-22,North America,91088.73,2102,2.4
2025-08-24,EMEA,51853.15,1171,5.7
2024-03-02,LATAM,16302.75,377,0.9
2024-04-17,LATAM,24916.76,524,3.8
2025-08-17,EMEA,57307.87,1160,8.0
2025-06-19,APAC,70596.82,1708,6.9
2024-09-18,APAC,50909.34,1216,6.7
2025-07-12,LATAM,20104.35,402,3.8
2025-03-19,LATAM,30395.86,688,3.1
2024-02-27,North America,89093.77,2002,3.4
2024-01-28,LATAM,13852.32,361,2.5
2024-02-29,North America,91024.91,2264,3.5
2024-12-31,LATAM,24454.3,612,7.2
2024-06-20,APAC,43331.95,1083,7.3
2024-02-12,North America,81906.87,1804,12.8
2025-05-23,LATAM,28863.12,583,3.7
2024-09-08,APAC,36764.0,909,12.0
2025-06-25,LATAM,26612.96,698,10.7
2025-12-27,North America,145123.22,2884,3.6
2025-09-21,EMEA,60866.47,1281,7.0
2024-02-25,APAC,,616,8.8
2024-05-05,North America,79932.31,1688,11.7
2024-02-28,LATAM,21698.87,438,3.6
2025-05-31,North America,127676.94,3095,9.4
2024-04-29,APAC,44270.21,884,9.0
2025-10-13,North America,147381.0,3705,3.1
2024-10-18,EMEA,49092.62,1083,3.4
2025-04-29,APAC,73172.95,1648,5.3
2024-01-14,North America,60807.6,1229,4.7
2024-08-19,LATAM,20197.18,508,2.3
2025-01-23,APAC,65606.89,1393,9.4
2024-08-14,EMEA,48854.6,1100,3.2
2025-06-25,EMEA,71638.94,1406,3.3
2024-03-20,North America,94255.59,1961,5.5
2025-08-26,APAC,75822.12,1774,17.2
2025-04-11,LATAM,29553.68,760,1.5
2025-01-09,APAC,64068.45,1543,11.8
2024-08-04,EMEA,,776,4.5
2025-12-20,EMEA,69532.62,1448,1.9
2025-06-21,North America,126767.21,3019,7.6
2025-07-27,North America,118088.75,2796,7.8
2024-05-08,APAC,48798.7,1016,5.2
2024-10-11,APAC,46563.86,1056,7.6
2024-06-22,EMEA,41299.64,913,6.9
2025-11-28,LATAM,28116.4,716,5.6
2024-11-25,LATAM,21610.07,494,2.6
2025-10-09,APAC,75497.13,1517,4.4
2024-10-11,LATAM,20611.03,527,6.0
2025-07-31,LATAM,26427.4,550,3.0
2024-06-04,APAC,49493.86,1153,11.1
2024-11-17,EMEA,42091.84,961,3.2
2024-11-19,EMEA,51779.72,998,5.6
2024-09-25,APAC,44784.19,957,9.1
2025-06-26,APAC,74666.82,1777,13.1
2024-07-23,LATAM,21400.88,492,8.0
2024-01-23,North America,74693.38,1709,0.7
2025-02-01,North America,105180.79,2229,3.7
2025-03-02,EMEA,62364.84,1213,1.1
2024-01-04,EMEA,43341.82,892,7.3
2024-08-15,North America,98265.59,1996,7.6
2024-10-09,APAC,,952,3.6
2024-10-05,LATAM,15158.11,357,4.8
2025-06-15,APAC,64408.27,1340,2.3
2025-07-18,EMEA,69636.18,1340,5.1
2025-01-05,North America,104956.3,2150,1.7
2024-12-22,EMEA,49852.8,989,9.1
2024-01-25,APAC,32821.37,741,1.9
2025-03-01,APAC,59707.24,1189,8.9
2025-05-11,LATAM,23886.43,494,1.9
2024-03-29,APAC,45190.87,971,13.1
2024-07-17,LATAM,22308.89,515,2.3
2024-12-06,LATAM,23065.35,562,7.1
2025-02-24,APAC,73800.45,1462,7.6
2024-05-08,LATAM,22869.91,602,11.7
2025-04-18,EMEA,75714.04,1801,0.8
2024-09-03,EMEA,47609.83,1001,1.1
2024-07-19,EMEA,54391.6,1100,5.8
2025-04-15,LATAM,30688.13,616,11.5
2024-04-29,LATAM,21909.41,442,6.3
2025-07-02,APAC,72335.09,1463,3.0
2024-06-29,EMEA,42774.44,949,7.5
2024-09-07,North America,78735.17,1675,1.2
2024-12-15,EMEA,46511.51,1006,0.3
2025-07-14,North America,132515.7,2593,1.9
2025-09-20,North America,122450.87,2798,1.3
2024-04-20,APAC,37153.92,965,5.2
2025-03-15,APAC,63107.97,1476,8.7
2024-02-24,APAC,32428.4,731,3.0
2024-12-16,APAC,55121.87,1331,9.8
2025-02-16,LATAM,22234.15,545,4.9
2025-04-08,APAC,,1528,6.1
2024-03-15,APAC,43939.92,1078,7.8
2025-08-04,APAC,73838.64,1514,3.6
2025-09-09,North America,141464.13,3245,3.1
2024-12-10,EMEA,61782.27,1447,3.1
2025-09-08,North America,146112.39,2850,1.3
2025-01-22,LATAM,26959.8,554,12.8
2025-12-31,EMEA,83924.6,1993,3.8
2024-06-25,LATAM,21591.66,419,5.5
2024-04-15,North America,104986.9,2494,8.2
2025-08-10,EMEA,54212.72,1322,2.5
2025-09-05,North America,136488.21,2978,6.5
2025-11-23,North America,129763.69,2990,5.9
2024-06-25,EMEA,52242.81,1148,4.7
2025-03-30,EMEA,59704.29,1207,4.6
2025-01-07,EMEA,66772.28,1379,10.8
2024-12-07,LATAM,17067.87,447,6.3
2024-06-22,APAC,37539.23,875,7.1
2024-01-16,LATAM,21595.21,448,5.9
2025-10-22,APAC,79511.5,1876,1.5
2024-07-18,LATAM,20370.82,409,4.6
2025-04-09,LATAM,27940.79,676,7.1
2024-05-10,North America,100055.92,2490,11.8
2025-01-29,APAC,,1237,4.4
2025-08-23,EMEA,58823.7,1150,3.7
2024-11-12,EMEA,60012.25,1445,14.1
2025-04-18,LATAM,29579.45,738,9.9
2024-02-21,North America,88957.99,2238,2.6
2025-09-13,North America,121257.31,2601,3.3
2024-11-25,APAC,55464.7,1187,4.9
2025-11-26,APAC,79676.52,1718,1.6
2024-02-24,LATAM,16498.13,342,7.7
2025-07-04,APAC,72321.29,1804,12.1
2025-11-30,LATAM,20976.32,417,4.2
2024-05-07,LATAM,23625.3,499,7.6
2024-06-22,North America,79079.4,1845,15.6
2024-09-14,APAC,35323.45,682,8.0
2025-11-23,LATAM,22617.6,448,3.3
2025-03-30,North America,126005.38,2488,2.5
2024-10-08,North America,87960.35,1809,11.1
2025-05-17,APAC,65975.09,1584,3.3
2024-10-09,EMEA,54458.7,1325,5.4
2024-07-04,EMEA,51890.55,1199,6.8
2025-03-28,EMEA,74739.84,1472,2.6
2024-09-19,North America,86901.29,1760,3.2
2025-02-03,LATAM,29032.1,718,8.4
2024-01-02,APAC,36047.7,814,1.3
2024-03-27,LATAM,23447.38,520,2.6
2024-09-26,LATAM,21997.91,538,12.9
2025-12-09,North America,154908.74,3296,1.6
2024-09-18,LATAM,19251.85,419,4.3
2024-05-01,LATAM,22695.21,562,6.7
2025-11-26,EMEA,79992.35,1824,8.7
2025-08-18,APAC,73669.8,1602,2.6
2025-08-13,North America,142527.63,2785,6.2
2025-02-21,APAC,67944.96,1573,8.3
2024-03-22,LATAM,23603.12,586,11.3
2025-02-13,LATAM,26355.11,633,6.9
2024-05-15,LATAM,24315.56,533,13.6
2024-09-15,APAC,37244.59,874,2.6
2025-07-01,EMEA,73160.21,1487,9.0
2025-03-02,North America,118099.05,2287,4.3
2025-09-19,APAC,72443.93,1558,1.5
2025-01-15,North America,117025.33,2643,10.8
2025-08-29,EMEA,69281.42,1358,8.4
2024-09-14,LATAM,13338.16,262,4.3
2024-05-31,APAC,44034.37,1110,5.8
2024-08-10,North America,67439.79,1510,10.9
2024-03-23,North America,72883.66,1760,2.8
2024-01-26,APAC,35668.22,852,4.4
2025-06-22,North America,126633.96,2511,7.9
2024-03-05,North America,102612.88,2263,10.7
2024-02-25,LATAM,16332.22,336,8.4
2025-08-16,North America,118024.48,2562,9.1
2024-04-19,APAC,45500.25,957,8.6
2025-07-06,LATAM,22579.0,511,5.5
2025-05-25,EMEA,58430.5,1159,4.2
2024-09-30,North America,95865.81,2323,2.9
2025-10-17,LATAM,25488.71,651,1.1
2024-05-22,LATAM,23059.14,533,7.3
2024-10-14,EMEA,50298.33,1236,10.9
2024-03-16,EMEA,46014.74,885,6.8
2024-11-24,LATAM,17023.59,391,13.8
2024-02-13,LATAM,20331.38,469,1.2
2024-01-19,North America,81044.15,1804,7.2
2025-06-05,APAC,77247.54,1491,6.1
2024-04-14,LATAM,19178.24,499,0.5
2024-11-01,EMEA,53668.34,1180,7.2
2024-11-11,EMEA,56812.17,1188,1.9
2025-05-12,APAC,77062.44,1915,5.5
2024-03-12,EMEA,53327.43,1258,7.1
2024-11-04,EMEA,55335.62,1124,6.6
2024-07-13,APAC,35966.04,795,3.4
2024-12-03,LATAM,22357.81,466,7.7
2024-09-12,North America,100637.63,2221,7.6
2025-09-10,APAC,72421.38,1855,1.6
2024-08-12,APAC,48058.29,1018,5.9
2025-11-20,LATAM,26014.75,655,10.6
2025-08-02,APAC,65391.92,1530,9.8
2025-02-15,North America,115104.8,2461,2.2
2025-11-08,EMEA,54249.17,1267,2.8
2024-04-04,North America,97345.07,2117,6.8
2025-10-27,EMEA,71355.73,1425,9.9
2024-11-30,EMEA,47216.35,1236,4.4
2024-05-03,EMEA,57007.84,1378,4.0
2025-08-01,APAC,71380.77,1651,16.3
2025-03-26,APAC,73421.23,1748,3.5
2024-06-05,LATAM,20895.01,531,18.1
2025-04-25,North America,143613.1,2799,1.2
2024-12-31,EMEA,60628.47,1406,15.8
2024-10-11,EMEA,50773.79,1029,3.2
2024-10-23,LATAM,18528.55,406,5.2
2025-07-30,APAC,74184.45,1771,8.1
2024-11-14,LATAM,22526.29,576,14.3
2024-06-21,LATAM,22007.74,478,8.4
2024-03-19,APAC,41769.86,877,4.9
2024-05-13,EMEA,,1117,10.5
2024-03-28,APAC,44176.53,1058,2.5
2025-12-10,APAC,82858.07,1679,3.8
2025-12-25,LATAM,27850.67,544,11.6
2025-01-08,LATAM,25098.77,556,5.8
2024-04-03,APAC,49480.76,1019,1.8
2024-05-23,LATAM,22105.04,475,5.4
2025-01-16,APAC,62623.34,1418,5.0
2025-06-28,North America,120313.22,3036,3.8
2025-12-21,APAC,77188.09,2020,3.7
2024-05-14,APAC,47965.15,1167,8.7
2024-02-06,EMEA,58445.09,1165,2.7
2024-04-27,EMEA,42853.23,933,4.3
2025-03-22,LATAM,25577.59,548,11.1
2025-01-26,EMEA,57057.51,1262,1.8
2025-06-20,North America,145478.03,2873,9.3
2025-08-05,North America,145390.19,2823,7.5
2024-03-18,LATAM,19829.34,469,5.3
2025-08-21,EMEA,71357.67,1773,8.7
2025-05-06,EMEA,84157.47,2083,5.5
2025-09-06,EMEA,55367.15,1197,1.7
2025-07-29,LATAM,26177.31,577,12.2
2024-07-05,North America,,1984,9.1
2025-12-10,North America,149953.16,2995,6.5
2024-02-26,North America,86315.34,1758,3.8
2024-07-24,APAC,48510.86,994,5.7
2025-07-18,APAC,,1490,5.5
2024-08-04,LATAM,16749.22,405,11.0
2024-02-12,APAC,40055.9,968,5.4
2024-01-27,LATAM,14231.13,371,4.0
2024-10-07,North America,98005.03,2190,1.5
2024-04-09,APAC,48065.32,1242,3.7
2024-01-25,North America,83630.03,2048,14.3
2024-04-19,North America,97339.66,2469,11.4
2024-09-29,EMEA,35908.55,790,7.4
2025-07-25,EMEA,67485.0,1618,6.2
2025-04-01,LATAM,29946.82,688,4.8
2024-12-22,LATAM,16348.57,404,2.9
2025-08-14,North America,138731.04,3235,1.7
2025-01-30,LATAM,26036.32,501,5.4
2024-06-15,EMEA,40068.35,1043,1.9
2024-10-08,LATAM,18120.64,354,5.4
2024-02-02,APAC,37913.61,803,9.0
2024-04-24,APAC,46593.34,1009,0.8
2024-08-23,APAC,42514.55,932,5.2
2024-09-09,APAC,47233.89,939,2.7
2025-12-04,APAC,82863.28,1971,10.0
2024-10-17,North America,95907.45,2272,6.0
2024-12-04,APAC,56250.88,1463,11.4
2025-02-04,North America,126943.73,2955,1.3
2025-10-12,APAC,66915.4,1317,15.5
2025-11-05,APAC,82237.27,2132,5.4
2024-07-11,EMEA,54187.97,1059,2.4
2024-02-22,LATAM,23458.29,553,5.9
2025-07-15,LATAM,27857.69,698,2.8
2024-06-28,APAC,42277.23,1071,2.3
2025-08-26,LATAM,24374.24,517,8.4
2024-06-27,North America,91138.84,1992,9.2
2024-06-04,LATAM,24366.99,565,4.4
2024-03-02,EMEA,43173.97,917,5.6
2024-03-09,North America,66739.4,1449,11.8
2024-02-18,North America,63663.34,1292,4.1
2025-10-19,APAC,71021.8,1782,12.9
2025-11-19,EMEA,74130.96,1702,15.3
2025-07-30,LATAM,24496.55,571,10.0
2024-08-28,LATAM,19433.39,442,4.0
2025-05-26,North America,141936.84,3316,2.5
2025-01-22,North America,123436.17,2785,12.5
2024-10-16,LATAM,20061.61,438,1.2
2025-04-29,North America,143495.67,3139,4.0
2024-04-08,North America,96715.22,1971,12.8
2025-08-04,LATAM,26718.29,573,5.3
2024-08-03,EMEA,41956.52,1096,2.4
2025-08-30,LATAM,21803.55,424,3.5
2025-01-28,APAC,68568.4,1371,5.1
2025-09-15,APAC,72942.22,1628,6.2
2025-04-26,LATAM,22308.61,493,5.3
2024-07-15,APAC,45084.38,917,6.9
2024-06-09,North America,70075.17,1546,1.7
2025-02-15,APAC,55199.29,1252,5.0
2025-09-07,EMEA,57984.72,1206,2.8
2025-07-17,APAC,77769.62,1718,5.8
2024-03-10,LATAM,17831.22,397,8.1
2024-02-16,North America,88945.78,1897,4.4
2024-10-19,EMEA,36524.07,735,7.5
2025-04-04,EMEA,76253.85,1855,6.1
2024-02-04,EMEA,33467.75,772,1.9
2025-02-02,LATAM,20220.46,399,1.9
2025-06-26,EMEA,74405.65,1505,12.0
2025-01-22,APAC,65844.97,1645,3.7
2024-12-16,LATAM,23943.53,495,6.9
2024-09-23,North America,91361.55,1817,6.4
2024-09-26,EMEA,48618.56,1029,1.5
2024-09-13,EMEA,49270.39,1154,8.4
2024-11-06,APAC,49556.45,1094,10.6
2024-08-17,North America,70774.25,1471,1.7
2025-01-05,EMEA,50227.18,1244,3.9
2024-03-21,EMEA,60692.37,1496,2.3
2024-07-26,APAC,,1129,9.1
2024-07-27,APAC,32457.81,693,12.7
2024-03-09,APAC,29091.19,745,6.5
2025-11-18,LATAM,27009.14,536,10.9
2025-01-27,North America,135759.3,3293,3.3
2025-08-06,North America,141384.48,3067,4.3
2025-05-11,EMEA,68695.39,1535,7.4
2024-04-07,APAC,36973.38,739,7.5
2025-12-29,EMEA,80680.89,2026,4.8
2025-09-19,EMEA,69724.92,1732,1.6
2025-05-13,North America,144447.46,3524,13.0
2024-02-27,APAC,45637.42,1001,8.6
2025-07-27,APAC,61530.18,1432,9.0
2025-10-23,LATAM,25859.99,505,3.4
2024-10-10,LATAM,18024.29,375,5.0
2025-03-21,EMEA,73929.37,1501,4.5
2025-06-23,EMEA,71802.88,1732,6.1
2025-08-12,APAC,74758.16,1657,4.7
2024-05-02,EMEA,59524.97,1284,2.6
2025-10-21,APAC,77282.95,1546,5.2
2025-03-10,LATAM,28612.04,571,4.5
2025-05-14,North America,144798.15,3636,10.2
2025-05-31,EMEA,57695.18,1287,2.5
2024-05-06,LATAM,24727.92,599,6.8
2025-05-29,LATAM,27704.65,613,1.7
2024-10-04,North America,93089.46,1921,2.6
2024-01-15,APAC,35925.65,717,0.8
2025-03-08,EMEA,57107.95,1486,5.3
2024-10-02,EMEA,,1046,2.3
2025-09-13,LATAM,20224.47,391,1.0
2024-10-08,EMEA,49401.15,1086,3.5
2025-04-23,APAC,75003.36,1646,2.0
2025-02-03,APAC,66623.77,1677,7.1
2025-10-07,EMEA,70165.97,1565,8.4
2025-01-14,APAC,60234.3,1280,9.9
2025-07-27,LATAM,22617.48,513,7.4
2025-01-03,LATAM,23813.92,493,5.1
2024-01-01,LATAM,16963.47,400,2.6
2024-09-22,LATAM,14492.64,283,9.3
2024-02-08,EMEA,45820.02,1027,8.1
2024-12-01,EMEA,52276.28,1041,7.3
2025-09-02,APAC,73046.11,1708,3.5
2025-06-24,EMEA,74290.97,1571,3.1
2024-07-30,North America,93894.19,1915,1.0
2025-01-17,EMEA,63237.77,1401,6.5
2024-06-11,LATAM,21407.0,515,8.1
2024-06-02,North America,72601.47,1899,10.0
2024-08-27,EMEA,56088.89,1114,3.1
2024-08-13,LATAM,19647.02,485,5.2
2024-06-13,APAC,49194.64,1264,1.2
2025-12-21,North America,140165.67,3105,6.8
2025-12-07,North America,147787.88,3722,5.7
2025-02-18,APAC,66940.0,1293,1.6
2025-05-14,LATAM,29264.83,567,16.2
2025-12-22,APAC,,2213,8.8
2025-04-16,APAC,73185.6,1886,2.3
2025-11-27,LATAM,27065.62,561,11.3
2025-06-07,North America,119905.67,2448,7.0
2024-01-02,LATAM,17505.45,380,4.5
2024-08-30,EMEA,47816.86,1061,3.3
2024-05-19,LATAM,18438.88,394,3.2
2025-07-22,EMEA,79493.25,1802,9.4
2025-12-03,APAC,83754.91,1831,7.0
2024-08-05,EMEA,52670.55,1254,13.8
2025-10-10,EMEA,72456.83,1611,8.1
2025-02-26,APAC,67144.7,1464,6.2
2025-01-31,LATAM,26061.13,575,3.8
2024-02-11,LATAM,16868.18,333,8.3
2025-01-25,LATAM,22316.07,457,6.3
2024-01-26,North America,81118.44,1762,1.8
2024-05-25,EMEA,43865.11,1031,6.1
2024-10-15,EMEA,46518.12,937,4.0
2024-04-19,North America,97339.66,2469,11.4
2025-07-13,EMEA,60809.19,1300,4.9
2024-02-28,EMEA,58611.64,1373,6.1
2024-06-22,LATAM,17100.74,342,10.8
2024-02-08,APAC,39504.16,807,5.1
2024-08-08,EMEA,51847.09,1056,4.9
2024-08-19,EMEA,49284.03,1006,14.6
2024-07-13,North America,73877.57,1777,2.1
2024-12-19,LATAM,23455.28,598,3.2
2024-05-26,EMEA,44165.92,899,1.8
2025-01-06,North America,126620.19,2973,6.9
2025-12-30,North America,176990.07,3904,6.3
2024-03-24,EMEA,43676.75,919,0.8
2024-12-27,North America,113776.96,2857,12.6
2024-04-12,LATAM,24861.88,487,8.4
2024-08-31,EMEA,37917.63,873,5.5
2024-02-09,North America,83699.96,1845,6.2
2024-12-11,North America,116638.67,2634,7.7
2025-11-02,APAC,67537.17,1764,5.9
2025-01-05,LATAM,19775.8,425,6.7
2025-04-19,North America,121632.36,2401,2.5
2024-06-30,EMEA,35299.51,838,2.5
2024-03-04,North America,85697.18,2086,1.4
2025-06-07,APAC,67444.48,1333,3.2
2024-08-28,APAC,48860.32,967,9.9
2025-07-29,EMEA,67146.36,1600,6.3
2025-11-19,North America,159105.82,3527,7.3
2025-05-10,North America,132348.43,2547,11.5
2025-02-14,APAC,,1602,6.9
2025-07-21,North America,148399.46,2912,1.1
2024-03-26,LATAM,23295.74,455,3.1
2024-10-30,EMEA,54473.07,1411,5.8
2024-09-15,LATAM,12858.63,303,3.8
2025-12-13,APAC,76874.69,1648,12.1
2025-02-03,North America,130849.49,2868,5.6
2024-10-13,LATAM,15077.94,331,5.6
2024-02-24,North America,68029.61,1755,0.8
2024-11-01,APAC,47620.82,926,10.6
2024-07-30,EMEA,48344.86,1085,7.0
2025-06-01,North America,,2772,10.7
2025-04-01,APAC,69030.57,1526,6.6
2024-10-28,APAC,51066.41,991,17.0
2025-07-25,North America,,3331,1.7
2024-08-22,LATAM,18287.37,381,5.8
2025-04-07,APAC,74156.4,1505,12.9
2024-07-08,LATAM,23743.76,561,3.2
2025-07-24,EMEA,75301.67,1559,3.8
2025-04-09,EMEA,75482.55,1606,6.9
2025-07-19,APAC,64769.56,1487,5.1
2024-10-28,EMEA,53372.31,1299,1.7
2025-01-28,LATAM,26025.97,513,8.7
2025-09-10,LATAM,25478.92,619,15.1
2025-12-14,LATAM,23424.66,475,10.9
2024-04-26,EMEA,60230.43,1295,1.6
2025-04-05,EMEA,60519.56,1345,5.0
2025-02-17,LATAM,26159.15,621,15.8
2025-09-12,EMEA,68153.69,1426,7.5
2024-01-29,APAC,38533.31,966,8.9
2025-05-18,APAC,65741.75,1591,2.2
2025-05-21,North America,148277.15,3514,8.0
2024-09-03,North America,,1920,7.9
2024-10-21,APAC,51532.91,1040,9.6
2025-08-13,LATAM,26211.25,654,6.2
2025-12-12,EMEA,76132.44,1523,2.4
2025-02-08,EMEA,56533.7,1378,1.9
2025-03-05,EMEA,70568.49,1753,8.8
2025-06-02,LATAM,27849.14,590,3.7
2025-08-07,LATAM,26610.49,513,2.2
2025-06-01,EMEA,60714.57,1319,9.3
2024-02-07,North America,75000.18,1447,2.1
2025-05-19,LATAM,29772.63,768,9.5
2024-02-15,EMEA,51806.27,1016,2.5
2024-10-06,APAC,41338.6,1012,2.6
2025-04-11,EMEA,80229.34,1737,5.2
2024-04-01,LATAM,23989.38,599,0.1
2024-05-05,LATAM,17084.65,331,5.8
2025-12-23,APAC,86213.37,1781,5.4
2025-07-26,LATAM,21396.03,455,1.9
2024-03-19,North America,88458.5,1940,3.9
2025-11-20,EMEA,80274.57,1600,6.4
2024-05-07,APAC,44250.28,1025,2.0
2024-01-27,North America,64236.57,1337,4.5
2025-07-11,APAC,75762.63,1767,14.1
2025-11-09,North America,136753.25,2740,3.5
2024-01-22,North America,77389.7,1778,12.0
2025-06-06,North America,137557.9,2812,7.8
2024-11-02,EMEA,42396.65,1092,8.8
2025-04-26,EMEA,63061.63,1254,10.2
2024-06-10,EMEA,59379.09,1149,1.5
2024-06-20,LATAM,22590.16,525,8.4
2024-07-10,North America,97151.53,2475,1.7
2025-12-15,North America,163081.86,3743,1.6
2024-04-30,North America,,2426,1.1
2025-03-24,EMEA,74310.22,1530,14.2
2024-12-20,APAC,59680.64,1440,3.4
2025-10-13,EMEA,71147.97,1846,4.5
2025-07-03,LATAM,26117.71,536,1.6
2024-04-06,LATAM,15505.22,316,7.4
2025-04-17,APAC,71302.31,1501,1.2
2024-12-09,North America,107402.32,2486,2.4
2024-08-17,APAC,42954.55,1122,7.7
2025-08-31,EMEA,58426.1,1401,3.1
2025-01-24,LATAM,27522.19,618,12.2
2025-06-08,North America,,2483,16.8
2024-06-29,North America,78571.34,2057,2.5
2025-06-22,APAC,62696.44,1511,4.9
2024-07-16,LATAM,20490.11,441,6.3
2024-11-19,North America,101652.98,2245,3.5
2024-07-04,LATAM,20365.8,518,2.7
2024-02-09,EMEA,49809.26,1243,2.0
2024-01-31,EMEA,45232.88,1053,8.6
2025-01-02,LATAM,25094.43,557,2.6
2025-01-26,APAC,57231.4,1291,12.4
2024-01-01,North America,67103.83,1414,11.0
2025-06-24,APAC,74443.16,1559,2.2
2024-03-23,APAC,37002.3,789,6.7
2025-03-02,LATAM,23892.34,562,3.5
2024-06-11,APAC,50488.62,1200,12.5
2025-07-22,LATAM,24959.96,576,6.8
2025-01-22,EMEA,62416.29,1205,5.2
2024-01-04,LATAM,19904.6,472,4.6
2024-12-01,North America,87573.53,2076,7.6
2025-09-28,North America,121594.46,2544,3.8
2025-01-11,EMEA,52666.29,1386,3.3
2024-09-29,APAC,41470.51,859,12.0
2024-09-05,EMEA,54688.84,1238,2.0
2024-08-27,APAC,47191.37,1123,7.0
2025-11-05,North America,154472.93,3059,14.6
2025-05-28,APAC,75641.06,1832,0.4
2024-02-13,EMEA,47693.21,970,7.8
2024-07-10,APAC,46884.92,1203,7.8
2025-03-31,EMEA,76231.29,1966,10.8
2025-03-07,APAC,73692.66,1594,2.0
2025-07-15,APAC,68913.47,1485,3.3
2024-10-27,APAC,42497.44,953,3.9
2025-06-28,APAC,64086.34,1446,6.8
2025-02-18,EMEA,68608.76,1514,2.4
2025-08-09,APAC,65020.55,1282,2.5
2025-01-30,APAC,69981.76,1501,9.7
2025-07-20,LATAM,18533.18,426,14.0
2024-04-24,EMEA,55394.24,1341,8.3
2024-12-14,North America,90659.56,1754,4.3
2024-04-13,LATAM,19385.98,395,2.1
2025-07-06,North America,128833.36,3150,6.2
2025-07-22,APAC,74206.25,1449,4.6
2024-11-30,APAC,46341.71,1083,5.6
2024-04-30,APAC,45398.77,1182,2.2
2025-04-19,LATAM,22325.9,488,6.6
2025-10-08,APAC,74134.3,1492,7.1
2025-06-08,LATAM,,505,8.8
2024-06-18,EMEA,57963.58,1386,8.9
2024-01-18,North America,77089.64,1683,11.6
2025-07-24,LATAM,23607.45,465,5.1
2024-10-30,EMEA,54473.07,1411,5.8
2025-06-06,EMEA,74082.86,1861,2.5
2024-09-20,APAC,47235.26,987,5.9
2024-05-27,APAC,49027.65,1144,2.7
2025-12-13,EMEA,69041.76,1814,8.3
2025-05-04,North America,127915.95,3339,7.0
2024-07-04,North America,95539.96,2134,5.1
2024-03-13,North America,87209.39,1798,1.7
2024-04-16,LATAM,26663.36,701,2.7
2025-06-08,EMEA,66514.51,1639,5.4
2025-06-01,LATAM,21417.47,433,6.5
2025-12-22,EMEA,78707.31,1594,9.1
2024-09-02,North America,85249.97,1812,8.3
2024-01-15,North America,78269.67,1595,1.4
2025-04-15,APAC,75498.53,1663,8.9
2025-04-15,EMEA,74245.49,1582,8.6
2024-12-03,EMEA,58316.15,1456,4.2
2025-07-20,EMEA,61116.42,1353,5.4
2024-02-21,LATAM,19995.26,433,4.9
2024-09-04,APAC,42799.2,902,0.9
2024-12-30,APAC,59979.86,1469,4.6
2024-03-01,LATAM,19821.88,439,3.8
2024-03-19,LATAM,26093.4,597,6.4
2024-10-19,North America,74512.42,1731,7.6
2024-10-27,LATAM,14263.23,317,3.0
2025-10-24,North America,146894.13,3439,2.2
2025-09-17,EMEA,69101.7,1356,9.3
2024-04-08,APAC,47938.22,1185,11.4
2024-02-22,EMEA,54482.79,1280,4.2
2025-10-28,APAC,77793.18,1515,4.8
2024-02-16,APAC,38972.97,956,7.9
2024-07-14,EMEA,34820.9,686,3.8
2025-10-06,EMEA,69347.33,1414,7.8
2024-03-06,EMEA,55731.03,1411,3.7
2024-03-05,APAC,42962.82,853,5.2
2024-04-12,APAC,39219.14,783,10.6
2025-02-27,EMEA,70496.95,1530,3.4
2025-02-02,EMEA,58527.21,1457,8.1
2024-02-22,North America,90853.29,1952,17.3
2025-01-08,APAC,60930.39,1559,4.6
2024-10-10,EMEA,51843.91,1022,9.0
2025-02-05,APAC,66128.39,1365,2.7
2025-08-17,North America,119100.01,2321,8.1
2025-06-05,North America,150691.15,3490,4.2
2025-11-16,APAC,69469.74,1615,4.0
2024-01-23,LATAM,19598.85,415,1.9
2024-11-27,North America,115115.96,2745,4.6
2024-06-24,APAC,51777.07,1229,15.1
2024-09-13,APAC,46022.62,1069,6.4
2024-02-03,LATAM,15055.24,296,5.0
2024-03-16,APAC,,855,2.1
2024-06-21,North America,93402.73,1947,5.2
2025-07-16,North America,,2824,4.2
2025-02-14,North America,137357.9,3108,1.8
2025-12-30,APAC,87983.49,1871,0.5
2025-08-09,LATAM,19637.24,419,9.8
2025-11-15,North America,126767.34,3028,3.9
2025-03-02,APAC,60001.52,1370,3.5
2025-06-03,North America,149052.1,3915,4.9
2024-12-21,LATAM,18911.3,383,9.0
2025-07-06,EMEA,58416.13,1124,2.7
2024-04-07,North America,74238.82,1805,2.3
2024-07-16,EMEA,52942.79,1134,3.7
2025-11-27,North America,152747.81,3482,4.6
2025-04-14,LATAM,30497.5,752,4.0
2025-06-02,APAC,73549.61,1434,4.1
2025-02-16,North America,107059.57,2185,4.2
2024-08-13,APAC,48520.94,1276,4.0
2024-09-12,LATAM,20343.71,399,8.4
2025-03-10,North America,138169.69,3028,4.7
2024-10-22,North America,92727.27,1878,2.3
2024-01-30,LATAM,21242.86,516,7.1
2025-02-23,LATAM,21522.8,427,3.2
2025-08-25,EMEA,71794.44,1700,5.8
2025-01-21,EMEA,63919.99,1325,5.3
2025-10-10,APAC,77925.17,1544,4.8
2025-09-25,LATAM,26825.72,632,3.2
2025-03-04,LATAM,27847.03,615,4.8
2024-03-14,North America,92143.05,2181,4.5
2024-08-09,North America,89801.0,1883,16.1
2025-05-07,EMEA,75977.51,1992,3.8
2025-11-27,EMEA,75727.69,1945,1.7
2025-05-29,APAC,75250.54,1978,3.1
2025-06-29,LATAM,22367.99,497,6.2
2025-11-02,LATAM,23507.73,454,1.3
2024-06-14,EMEA,52930.19,1207,2.7
2025-02-25,LATAM,,634,1.3
2024-11-28,APAC,58432.58,1243,3.6
2024-06-30,LATAM,15304.92,336,4.8
2025-04-29,EMEA,78799.15,1703,6.4
2025-12-16,LATAM,28065.71,727,9.1
2024-11-11,LATAM,20274.48,530,5.4
2025-10-18,North America,127133.2,2467,5.3
2024-06-03,EMEA,58845.04,1327,7.6
2024-05-16,LATAM,22130.65,427,1.7
2025-08-14,EMEA,76090.67,1615,1.1
2025-10-16,APAC,77094.23,1991,1.3
2025-01-13,EMEA,63393.98,1508,6.3
2024-10-23,North America,95370.82,1982,4.8
2024-08-06,LATAM,21183.6,432,3.2
2024-04-27,LATAM,18677.67,374,2.1
2024-01-20,APAC,28187.39,578,2.5
2024-03-07,EMEA,50242.72,1288,1.5
2024-04-28,EMEA,40877.19,891,2.2
2024-01-03,EMEA,50460.26,1201,11.3
2024-03-25,LATAM,24017.83,526,0.9
2024-01-20,LATAM,13284.18,341,11.5
2025-09-18,APAC,74636.37,1888,3.4
2025-08-11,LATAM,28029.83,565,5.8
2025-02-15,EMEA,58486.0,1354,2.4
2025-04-22,North America,138356.14,2861,8.6
2024-02-02,LATAM,23269.41,495,4.3
2024-04-16,North America,101073.95,2296,12.3
2024-09-06,EMEA,48257.71,938,6.3
2025-05-27,LATAM,30654.67,770,6.6
2024-01-06,APAC,25934.13,510,6.8
2025-06-16,EMEA,73629.02,1836,2.0
2024-02-13,APAC,37837.07,966,6.4
2024-09-28,EMEA,39619.07,853,3.3
2024-12-09,EMEA,66404.25,1476,5.7
2024-10-04,EMEA,50375.04,1182,10.1
2025-04-10,EMEA,73357.25,1636,2.1
2025-08-21,North America,139676.32,3565,3.1
2025-07-27,EMEA,55568.63,1190,2.4
2024-10-06,EMEA,33739.6,854,16.6
2025-01-02,EMEA,58340.84,1267,5.0
2024-01-23,EMEA,48448.0,940,9.1
2024-01-29,North America,78505.3,1726,7.9
2025-03-28,LATAM,27234.43,616,3.5
2024-04-14,North America,81853.18,1613,5.9
2024-03-26,EMEA,53160.52,1337,5.5
2024-04-23,North America,96802.02,2077,13.5
2025-02-11,LATAM,25508.73,517,6.7
2025-10-25,APAC,68459.97,1451,5.3
2025-03-03,LATAM,27431.84,702,4.4
2025-11-08,LATAM,20531.51,501,2.9
2024-10-11,North America,91380.51,1806,4.1
2025-09-20,LATAM,20372.26,471,6.6
2025-02-13,North America,132693.17,3108,8.5
2024-01-12,LATAM,20235.47,434,7.4
2025-06-10,APAC,71416.44,1464,4.5
2024-12-18,EMEA,58085.88,1432,2.8
2024-06-16,LATAM,14994.55,385,3.5
2024-10-29,APAC,52848.64,1222,6.3
2024-01-08,EMEA,46215.73,1203,6.5
2025-08-15,APAC,,1480,3.0
2024-10-26,LATAM,12905.05,290,5.7
2025-04-08,LATAM,29029.32,579,8.9
2025-03-04,APAC,73493.21,1914,11.7
2024-11-23,LATAM,15135.59,352,9.6
2025-02-08,LATAM,19176.54,412,2.9
2025-05-06,LATAM,31898.92,689,5.3
2024-08-23,EMEA,50598.26,1260,9.5
2025-02-01,APAC,57451.73,1488,7.8
2025-02-17,North America,130719.38,2752,3.6
2024-01-05,APAC,34226.53,802,2.6
2024-08-06,North America,94148.88,2115,5.8
2024-09-28,APAC,35739.28,783,4.2
2025-06-30,APAC,74878.91,1796,13.9
2025-06-22,EMEA,60305.28,1337,4.2
2024-12-03,North America,112934.53,2785,5.9
2025-12-05,North America,165477.78,3828,3.8
2024-06-23,APAC,35562.2,863,4.5
2024-10-01,LATAM,18659.37,372,5.0
2025-08-30,North America,110340.62,2397,10.3
2024-05-09,APAC,47570.59,1068,11.9
2025-03-17,APAC,71249.3,1622,6.3
2025-04-24,LATAM,29503.12,687,2.6
2024-11-08,LATAM,20517.47,477,12.9
2024-02-02,North America,78790.2,1714,6.7
2025-01-12,North America,104034.5,2620,4.7
2025-05-30,North America,,3492,14.4
2024-07-31,APAC,45567.7,881,2.8
2024-07-20,EMEA,45628.69,1075,9.3
2024-05-20,North America,94444.19,1874,5.4
2025-08-10,APAC,63944.29,1427,6.8
2024-02-20,APAC,39082.56,923,0.2
2025-05-05,North America,144533.44,3294,13.4
2024-09-01,North America,74734.02,1624,12.0
2024-06-06,North America,103071.64,2662,0.8
2025-07-29,APAC,73968.31,1806,4.3
2025-10-26,APAC,63961.31,1406,1.0
2025-02-25,North America,140178.94,3034,5.0
2025-10-31,LATAM,26454.3,529,14.0
2025-03-08,APAC,67045.68,1329,8.7
2025-09-24,EMEA,69988.23,1456,3.1
2025-02-24,LATAM,30837.78,675,9.1
2024-01-17,LATAM,17879.28,447,12.3
2025-07-16,LATAM,25045.38,633,8.3
2024-06-03,North America,92542.91,2380,11.6
2025-01-02,North America,125923.32,2881,4.1
2024-05-21,EMEA,54515.46,1109,1.4
2024-08-09,APAC,46660.24,1004,2.6
2024-03-25,North America,98412.78,1945,2.9
2024-12-25,North America,112941.48,2304,1.4
2024-03-22,EMEA,53223.71,1061,0.7
2024-06-04,EMEA,56496.04,1272,4.1
2024-11-05,North America,96970.4,2422,7.4
2025-05-12,LATAM,29984.09,746,6.5
2025-05-01,APAC,69407.29,1473,4.2
2024-08-15,LATAM,19769.98,441,4.7
2025-10-24,APAC,75710.65,1956,8.5
2024-04-11,APAC,47842.43,1123,5.3
2024-07-02,EMEA,52286.88,1202,10.2
2025-09-02,EMEA,70517.81,1625,4.3
2025-09-09,EMEA,67986.8,1416,7.1
2024-05-29,North America,93048.65,1983,8.8
2025-06-04,LATAM,27892.61,639,4.5
2025-05-12,North America,142371.25,3314,4.9
2025-01-19,APAC,50967.54,1064,6.4
2024-11-14,EMEA,55737.17,1202,1.6
2024-06-21,APAC,49444.01,1278,3.9
2024-06-09,EMEA,42167.4,863,4.7
2024-10-10,APAC,47961.72,1051,4.4
2024-12-27,EMEA,62526.03,1381,5.1
2024-12-10,North America,105399.13,2355,11.3
2025-01-10,APAC,63187.97,1322,5.0
2024-04-04,EMEA,,1464,2.2
2025-04-02,LATAM,29404.59,695,4.0
2025-11-22,LATAM,21634.0,439,6.9
2025-07-02,North America,144094.68,3742,6.2
2024-11-29,EMEA,58621.66,1247,5.8
2024-12-24,LATAM,28355.79,556,7.5
2025-04-03,EMEA,77041.55,1528,2.0
2025-11-06,APAC,79477.13,1701,9.0
2024-10-03,LATAM,19353.62,463,10.1
2025-03-16,APAC,65814.82,1330,4.3
2025-08-12,North America,143158.15,2860,8.3
2025-05-23,EMEA,73795.64,1666,4.2
2024-07-03,APAC,44586.36,948,3.0
2025-03-23,EMEA,69334.87,1823,8.1
2025-03-22,EMEA,64095.41,1514,1.1
2024-08-31,North America,69994.01,1382,8.4
2024-02-17,North America,68995.66,1346,4.4
2024-11-09,North America,78951.15,1848,1.4
2025-03-15,LATAM,22740.03,473,4.1
2025-05-13,APAC,73404.05,1514,6.1
2024-12-12,EMEA,58752.86,1525,2.7
2024-05-06,EMEA,57442.89,1175,0.7
2025-08-27,APAC,76636.29,1835,8.5
2024-12-05,EMEA,57211.69,1189,6.0
2025-05-19,APAC,74018.65,1782,6.9
2024-12-23,North America,,2359,2.5
2024-01-03,APAC,34022.21,835,6.8
2024-10-14,North America,91151.67,1890,4.6
2024-01-08,APAC,38883.87,753,5.4
2024-08-30,North America,99052.9,2457,6.5
2024-11-03,North America,86295.68,1810,5.5
2024-01-11,LATAM,17795.89,360,6.7
2024-08-31,LATAM,13869.12,335,6.9
2025-07-04,EMEA,73017.12,1755,7.1
2025-12-24,APAC,89136.94,1908,6.6
2025-12-02,LATAM,27360.32,571,3.0
2024-08-15,APAC,46713.27,1096,2.5
2025-04-28,EMEA,78891.52,1802,3.2
2024-06-05,North America,91250.26,1959,2.7
2025-02-04,EMEA,68360.78,1624,5.0
2024-09-19,EMEA,49359.14,983,11.3
2025-06-27,APAC,78847.78,1867,9.9
2025-08-03,APAC,67932.2,1730,10.9
2024-09-17,North America,93019.32,1910,11.8
2024-09-17,APAC,48080.0,1049,7.6
2024-03-30,North America,79152.78,1527,8.2
2025-04-16,EMEA,74385.44,1595,10.6
2024-06-12,LATAM,21629.71,484,3.5
2024-07-31,North America,95291.95,2055,10.8
2025-03-26,EMEA,70855.66,1723,10.8
2024-05-13,APAC,47986.31,1239,14.0
2024-08-10,LATAM,14784.66,381,7.5
2025-12-11,APAC,,1762,7.7
2025-02-12,APAC,71098.78,1711,3.6
2025-08-03,North America,121090.53,2714,4.6
2025-12-08,North America,155824.15,3792,4.0
2025-01-28,EMEA,70549.89,1749,5.4
2025-10-15,LATAM,25192.43,603,2.5
2025-06-10,LATAM,28185.1,592,2.2
2025-11-06,EMEA,69372.82,1649,10.7
2024-04-02,North America,98020.12,2222,3.1
2024-09-30,APAC,49593.44,1076,6.9
2025-06-20,APAC,77796.16,1601,11.3
2024-02-15,APAC,39195.24,771,10.4
2024-07-11,APAC,50623.91,1110,4.7
2024-10-28,EMEA,53372.31,1299,1.7
2025-02-23,North America,112940.98,2425,4.9
2024-11-16,LATAM,15344.7,307,1.6
2024-05-01,APAC,43793.03,910,1.8
2025-12-30,LATAM,29194.18,572,6.1
2025-04-24,EMEA,78323.53,1565,7.7
2024-05-24,APAC,44902.46,1177,4.4
2025-07-14,EMEA,72284.71,1444,3.6
2024-01-26,LATAM,22027.18,477,6.6
2024-10-08,APAC,50816.13,1232,9.1
2024-02-19,LATAM,22371.8,498,5.2
2024-02-11,North America,63797.49,1382,6.0
2024-08-17,APAC,42954.55,1122,7.7
2024-12-27,APAC,57776.09,1266,7.4
2025-09-03,North America,132790.65,2636,9.9
2025-09-13,APAC,64370.22,1294,10.6
2025-07-12,APAC,70038.68,1799,1.6
2024-04-20,North America,78450.54,1641,4.7
2025-04-04,LATAM,29023.84,584,13.5
2025-07-19,North America,,2705,13.8
2025-04-23,North America,143922.17,3534,1.6
2024-01-24,LATAM,20580.81,465,5.0
2025-05-20,LATAM,28147.57,565,5.2
2024-09-27,LATAM,17876.65,373,1.1
2025-06-24,LATAM,28547.33,597,5.5
2025-12-18,EMEA,77973.78,1601,4.7
2024-02-10,EMEA,35452.06,927,12.0
2025-10-11,LATAM,18918.89,491,6.4
2025-11-03,APAC,82953.08,1839,5.6
2024-01-12,EMEA,42759.26,1038,5.9
2025-10-24,EMEA,70094.14,1495,5.0
2024-10-10,North America,88989.91,2155,7.3
2024-03-17,LATAM,17413.99,386,10.4
2025-08-06,EMEA,72221.23,1871,13.6
2024-05-28,APAC,46208.79,1032,5.4
2024-03-01,North America,95474.13,2181,7.5
2025-02-04,LATAM,25777.53,603,5.8
2025-12-12,APAC,86791.99,2071,5.9
2025-03-05,LATAM,27937.94,546,8.0
2024-12-24,EMEA,59832.59,1351,1.6
2025-03-11,LATAM,27519.46,659,6.6
2024-12-22,APAC,46695.66,942,8.4
2024-05-01,North America,88874.84,2043,10.4
2024-04-14,EMEA,44354.07,855,4.1
2024-08-22,EMEA,48913.11,1249,5.2
2025-11-25,EMEA,76193.92,1970,5.2
2024-07-12,EMEA,53981.39,1091,6.8
2025-09-08,EMEA,66401.82,1654,3.2
2024-12-31,APAC,57336.17,1302,9.3
2024-11-13,North America,101717.46,2060,1.8
2024-11-20,North America,103904.13,2277,1.0
2025-02-06,APAC,65529.43,1296,9.6
2025-03-01,North America,129170.77,3240,7.1
2025-05-28,EMEA,78685.77,1903,3.6
2025-09-25,EMEA,73240.24,1672,4.1
2025-01-19,EMEA,55631.46,1134,6.0
2024-03-21,APAC,43197.4,917,9.4
2024-04-21,LATAM,18497.43,378,2.8
2024-04-28,North America,73146.43,1609,4.2
2025-08-15,LATAM,23907.31,503,4.4
2025-12-14,EMEA,65436.37,1463,2.9
2024-03-20,APAC,47848.6,1215,2.9
2025-05-07,LATAM,28801.65,595,8.0
2024-03-31,LATAM,16844.17,358,1.6
2024-03-30,EMEA,,953,12.6
2025-11-09,APAC,74392.51,1904,4.0
2024-03-21,LATAM,23646.14,550,8.1
2024-11-03,EMEA,38714.52,861,5.7
2025-08-02,North America,130758.36,3296,7.5
2025-07-05,LATAM,21458.81,484,5.6
2024-07-21,APAC,39139.86,758,3.5
2025-03-15,North America,116240.78,3031,2.3
2025-09-23,North America,133776.87,3301,5.7
2024-01-12,North America,71232.52,1556,8.5
2024-07-09,North America,91308.76,2212,4.7
2024-07-29,EMEA,,1055,1.3
2025-02-19,LATAM,28045.81,662,4.2
2025-01-18,EMEA,52044.63,1012,8.2
2025-11-21,EMEA,75673.28,1652,12.8
2025-12-09,EMEA,77589.74,1643,0.5
2025-02-06,EMEA,,1621,2.9
2025-12-02,EMEA,74406.93,1776,1.9
2025-05-27,APAC,75176.82,1777,9.2
2024-09-24,North America,92008.77,2341,4.3
2024-06-23,LATAM,18450.51,458,3.1
2025-06-27,EMEA,68152.67,1744,10.1
2025-04-21,North America,134238.82,3183,9.0
2025-02-07,EMEA,67549.56,1708,10.6
2024-02-15,EMEA,51806.27,1016,2.5
2024-12-17,North America,114667.67,2479,3.1
2024-01-06,LATAM,14504.0,325,3.1
2024-11-21,LATAM,23241.91,550,2.2
2025-03-17,EMEA,73225.04,1425,8.4
2024-03-02,APAC,,740,8.3
2025-03-07,LATAM,28447.81,654,9.9
2025-10-28,LATAM,24875.14,561,5.9
2024-03-28,LATAM,22675.52,554,6.2
2025-02-23,APAC,55553.24,1111,7.5
2024-03-11,APAC,41167.54,918,8.4
2025-07-12,EMEA,56077.28,1310,0.9
2024-05-09,North America,104399.18,2524,4.0
2025-02-06,North America,133603.02,3294,2.4
2024-02-09,APAC,42471.33,909,11.9
2025-08-21,LATAM,25107.77,567,7.1
2025-03-06,APAC,69210.83,1651,11.8
2024-03-27,EMEA,50833.3,1234,9.8
2025-06-29,EMEA,59164.65,1234,10.1
2025-07-13,LATAM,19937.65,425,6.6
2025-04-07,EMEA,77378.51,1764,2.1
2025-01-20,APAC,62832.1,1378,5.0
2024-03-24,North America,63610.17,1642,5.0
2024-05-02,North America,102507.56,2548,17.7
2025-03-31,APAC,74335.17,1856,6.2
2025-11-01,APAC,72790.2,1831,2.5
2024-10-01,North America,94500.05,2256,2.9
2024-08-21,EMEA,51085.5,1017,4.3
2025-01-29,EMEA,69384.32,1431,4.8
2024-05-20,APAC,47840.42,1064,3.2
2024-07-07,EMEA,44215.43,1001,3.7
2025-08-05,APAC,74846.72,1629,7.5
2025-09-05,EMEA,67786.84,1318,10.1
2025-03-12,EMEA,70553.58,1414,3.9
2024-06-12,EMEA,54131.08,1365,10.9
2024-10-13,APAC,35672.81,738,3.1
2025-05-02,North America,148216.16,3547,2.3
2025-04-13,North America,127594.38,2562,10.4
2024-03-29,North America,89576.03,1952,4.3
2024-03-25,APAC,44084.46,1096,7.8
2025-05-29,EMEA,75212.62,1847,4.7
2024-02-14,North America,76638.04,1726,5.6
2024-01-07,APAC,18573.2,409,5.4
2025-07-28,LATAM,28252.29,626,4.9
2025-03-22,APAC,60108.48,1497,14.5
2025-05-01,EMEA,78606.89,1735,5.6
2025-02-06,LATAM,26274.24,543,10.9
2024-03-02,North America,68166.17,1677,5.1
2024-10-12,LATAM,11877.69,310,5.4
2025-08-05,EMEA,70428.09,1450,10.2
2025-07-31,EMEA,74443.7,1923,11.4
2025-11-11,North America,150432.38,3356,16.0
2024-01-17,North America,73515.93,1626,5.2
2024-12-02,APAC,55066.73,1409,5.1
2025-12-19,APAC,,2036,2.5
2025-11-10,APAC,76817.09,1549,3.1
2025-07-19,EMEA,56695.84,1144,4.2
2024-09-30,APAC,49593.44,1076,6.9
2024-11-20,APAC,51627.36,1043,11.0
2024-10-17,APAC,49239.66,1283,12.8
2025-08-02,EMEA,60939.17,1332,12.0
2025-11-05,LATAM,28139.21,677,7.6
2025-07-12,North America,124030.07,2892,3.2
2024-05-10,APAC,42807.49,982,2.8
2024-03-12,North America,88699.63,1973,10.1
2024-09-15,EMEA,39644.79,778,5.1
2025-04-02,EMEA,76930.14,1497,8.6
2025-12-25,EMEA,74934.5,1713,9.6
2024-04-25,EMEA,54677.32,1106,5.6
2025-02-11,APAC,69303.43,1539,5.9
2025-01-07,North America,121229.36,2472,1.7
2025-06-30,LATAM,25864.53,654,6.0
2025-12-08,LATAM,28261.43,581,2.6
2025-07-20,North America,120494.09,2791,4.3
2024-05-03,LATAM,25085.53,571,8.2
2025-06-30,EMEA,73778.05,1777,5.9
2025-03-31,LATAM,28161.87,558,4.9
2024-01-07,LATAM,13218.1,296,5.4
2025-02-21,EMEA,68880.25,1600,1.6
2024-02-16,EMEA,50544.31,1064,2.3
2024-11-05,EMEA,52190.68,1055,8.5
2024-05-26,North America,83608.83,1792,2.6
2025-12-21,EMEA,61204.68,1348,11.3
2024-04-20,LATAM,16413.62,317,1.1
2024-03-03,APAC,32493.17,854,5.4
2024-08-12,LATAM,21945.93,500,7.5
2024-08-03,North America,67440.21,1415,4.3
2024-10-22,APAC,47863.14,986,2.0
2025-11-10,LATAM,25820.39,577,14.4
2024-11-14,APAC,49629.97,1113,2.6
2024-05-29,EMEA,52069.76,1010,3.1
2025-04-26,North America,126792.88,2689,5.2
2025-02-11,EMEA,75608.53,1894,1.7
2025-08-31,North America,118685.85,2560,4.3
2024-07-19,LATAM,23557.15,616,4.7
2025-01-19,LATAM,19853.85,399,2.5
2024-03-15,North America,86361.81,2034,1.9
2025-12-23,North America,168387.74,4029,7.0
2024-04-24,North America,95573.5,2241,9.3
2025-09-16,EMEA,71775.62,1479,5.3
2025-11-07,LATAM,28606.91,610,2.8
2025-01-01,APAC,57774.94,1303,1.5
2025-10-17,APAC,80221.23,1729,6.3
2024-07-11,EMEA,54187.97,1059,2.4
2025-07-28,APAC,79209.33,1700,2.9
2024-05-01,EMEA,59832.3,1482,11.1
2025-09-28,LATAM,19852.89,439,1.0
2025-10-14,North America,143799.35,3298,3.1
2024-11-07,EMEA,55214.43,1242,4.6
2024-12-16,North America,109997.09,2789,7.6
2025-08-23,APAC,64998.74,1395,4.3
2024-11-07,North America,109288.6,2373,2.3
2024-01-10,North America,74408.94,1631,8.7
2024-05-31,North America,98058.7,2409,5.2
2024-06-17,LATAM,20771.97,515,6.2
2025-02-26,LATAM,28696.14,602,11.0
2025-11-03,North America,151979.87,3933,6.5
2024-12-10,APAC,57825.68,1385,15.0
2025-04-11,APAC,70023.78,1433,4.5
2024-01-18,EMEA,46366.4,1017,2.4
2024-12-19,EMEA,60024.08,1179,1.7
2024-09-14,EMEA,43527.19,966,2.9
2025-06-15,North America,126620.05,2487,3.7
2024-05-11,North America,77386.19,1916,10.9
2024-09-02,LATAM,18749.03,459,2.2
2024-09-13,LATAM,19232.19,441,7.9
2024-03-07,APAC,43724.16,862,6.7
2024-02-29,EMEA,53361.04,1384,7.8
2024-05-29,APAC,43032.52,964,6.8
2025-04-22,APAC,75372.74,1477,1.6
2025-08-16,LATAM,21281.29,490,10.2
2024-12-29,North America,100235.44,2134,2.2
2025-06-02,EMEA,73871.75,1492,10.5
2025-02-25,EMEA,73004.62,1733,8.7
2024-04-17,APAC,46392.61,975,8.5
2024-05-08,North America,99719.89,1993,11.5
2024-01-13,EMEA,33625.71,733,13.1
2024-11-11,APAC,52814.49,1331,4.7
2025-01-06,EMEA,64281.92,1493,5.9
2025-01-23,EMEA,67051.6,1607,5.4
2025-08-25,LATAM,25882.48,507,4.8
2025-02-23,EMEA,59898.68,1286,13.4
2024-02-01,APAC,38835.01,957,5.4
2024-09-06,APAC,46312.12,892,0.8
2024-10-14,APAC,49926.39,1233,9.2
2024-04-20,EMEA,46851.42,1216,2.1
2024-04-14,APAC,40778.63,1009,7.1
2024-04-15,LATAM,25037.24,488,2.8
2025-06-12,APAC,78289.28,1766,5.0
2024-07-25,North America,96422.08,2504,10.4
2025-05-08,EMEA,78453.18,1850,3.2
2024-07-07,LATAM,15660.66,334,2.6
2025-09-04,LATAM,24510.07,481,12.9
2025-09-29,EMEA,66891.95,1580,5.2
2025-03-03,EMEA,73030.07,1858,10.4
2024-03-11,LATAM,23991.25,617,6.3
2025-07-30,North America,138441.44,3316,3.9
2025-08-17,LATAM,19422.13,379,9.0
2024-10-31,EMEA,53953.22,1313,9.1
2024-07-24,LATAM,24183.8,567,6.2
2024-06-26,North America,90984.19,2173,0.9
2025-02-12,EMEA,70080.13,1421,8.4
2025-12-16,EMEA,84121.97,1864,3.3
2024-09-06,North America,87792.12,1724,13.5
2025-12-11,North America,162203.48,3828,1.2
2024-07-07,North America,67411.91,1693,3.4
2025-07-29,North America,150533.79,3772,1.8
2024-03-28,EMEA,53983.02,1262,9.8
2024-11-06,LATAM,22152.97,456,7.5
2024-07-05,APAC,41932.31,907,1.5
2025-05-27,EMEA,76763.87,1733,10.8
2024-04-19,EMEA,50357.43,1216,7.0
2025-11-10,EMEA,67871.77,1634,11.5
2024-11-09,APAC,41478.17,944,2.2
2024-09-19,APAC,48320.46,1026,2.4
2024-11-09,LATAM,14442.49,295,15.0
2025-01-15,APAC,67572.79,1401,1.0
2025-02-01,EMEA,55124.35,1377,3.2
2025-06-26,North America,143625.72,2840,9.1
2025-07-01,APAC,73778.36,1627,4.1
2024-12-23,LATAM,23566.14,481,2.2
2025-01-04,LATAM,19226.49,458,9.0
2025-10-23,EMEA,71695.82,1562,8.5
2025-03-29,North America,134471.3,3288,2.9
2025-12-07,APAC,75036.06,1712,2.9
2025-07-31,APAC,76661.44,1817,1.8
2025-10-14,APAC,77122.04,1694,3.5
2025-10-12,LATAM,21209.41,542,7.6
2024-08-20,APAC,48005.36,1194,3.7
2024-01-07,North America,63464.81,1392,2.8
2024-02-06,LATAM,,387,1.5
2025-09-01,LATAM,26035.13,528,2.8
2024-11-15,APAC,52098.4,1193,8.5
2025-12-31,North America,162898.73,3977,4.0
2025-07-01,LATAM,26411.69,601,7.9
2025-12-22,North America,155992.63,3347,3.1
2025-01-20,LATAM,25005.62,510,10.8
2025-10-31,APAC,80542.37,1933,3.5
2025-11-09,EMEA,60802.08,1334,5.2
2024-06-19,LATAM,21505.24,543,9.1
2024-04-05,APAC,45389.27,1061,5.5
2024-03-31,North America,71951.04,1863,1.6
2024-12-09,APAC,55678.32,1204,9.8
2024-02-11,EMEA,38516.61,875,1.9
2025-03-01,LATAM,24485.4,571,4.2
2024-07-31,EMEA,56865.7,1311,5.8
2024-02-10,North America,59965.78,1219,4.4
2024-11-18,EMEA,55150.49,1260,5.3
2025-10-30,APAC,77894.76,2030,0.9
2025-11-19,LATAM,,591,3.9
2024-07-18,North America,97389.83,1995,4.2
2024-09-04,North America,87601.29,1795,10.1
2024-10-29,EMEA,50328.46,973,5.3
2024-07-28,LATAM,12457.49,270,5.3
2025-06-12,North America,133522.81,2984,0.9
2024-04-01,EMEA,52713.99,1108,11.9
2024-11-08,North America,94729.7,1975,3.0
2025-09-25,North America,135153.25,2781,4.4
2025-04-20,North America,127079.82,2502,3.6
2024-06-08,APAC,36708.38,715,10.4
2024-01-22,EMEA,50386.82,1069,7.3
2025-11-14,LATAM,26359.68,683,2.6
2024-08-05,North America,98203.34,1998,10.0
2025-01-09,North America,115146.77,2981,14.4
2025-09-28,APAC,66072.71,1489,3.1
2025-10-22,APAC,79511.5,1876,1.5
2025-02-26,EMEA,75299.35,1960,6.6
2025-09-30,APAC,76295.39,1811,1.3
2024-06-23,EMEA,44959.85,976,13.0
2025-07-09,North America,,3448,10.7
2024-07-26,EMEA,47439.43,1005,8.6
2025-05-13,EMEA,77643.13,1858,8.2
2025-01-07,APAC,59416.09,1548,6.5
2024-03-11,EMEA,52204.81,1065,2.8
2025-10-27,LATAM,26131.5,543,9.8
2025-09-26,EMEA,70383.53,1799,12.3
2024-02-23,LATAM,24014.6,473,10.0
2025-09-17,LATAM,27286.71,550,1.9
2025-07-10,LATAM,27237.12,583,5.7
2024-01-21,EMEA,36866.16,961,10.7
2024-08-10,APAC,37146.21,730,6.1
2024-07-12,North America,92914.03,2250,8.9
2024-11-02,North America,79245.29,1959,6.6
2025-09-04,EMEA,65945.65,1421,5.3
2025-08-01,North America,136696.1,3298,7.0
2025-09-16,North America,143365.53,3262,8.3
2024-02-14,EMEA,58997.86,1481,17.0
2025-02-13,APAC,64260.8,1384,3.5
2025-10-30,LATAM,27090.17,549,6.1
2025-02-08,APAC,58997.82,1267,6.4
2025-09-11,APAC,76714.43,1566,1.3
2025-03-30,APAC,65235.35,1360,2.2
2024-05-08,EMEA,58509.24,1154,15.9
2024-11-03,LATAM,16847.83,426,4.5
2025-11-26,North America,158653.75,3515,10.8
2024-06-07,APAC,46177.92,1078,4.6
2024-08-26,EMEA,49253.95,1172,9.5
2025-12-06,LATAM,22762.61,490,4.2
2025-06-11,LATAM,28857.57,623,12.6
2024-05-21,APAC,40892.73,918,4.2
2025-02-07,APAC,,1671,3.6
2024-10-07,APAC,44378.63,960,0.9
2024-12-31,North America,122377.41,2588,5.0
2025-10-26,EMEA,63584.48,1528,6.9
2025-03-29,EMEA,65289.34,1377,13.8
2025-03-14,APAC,66486.39,1569,9.4
2025-07-14,LATAM,25597.78,581,11.7
2025-11-17,EMEA,71757.24,1670,3.8
2024-10-15,North America,100235.28,2291,6.8
2024-09-28,North America,71036.77,1537,10.2
2025-01-18,APAC,49961.93,992,5.6
2024-02-23,APAC,40359.22,788,15.0
2025-06-03,EMEA,72905.12,1710,4.3
2025-02-18,LATAM,27497.61,557,13.3
2024-06-26,EMEA,53966.17,1148,3.0
2025-06-02,North America,150071.61,3209,5.7
2024-07-22,EMEA,53961.97,1365,10.0
2025-04-18,APAC,71274.64,1725,2.8
2025-08-28,North America,131647.83,2897,3.8
2025-09-26,North America,139044.18,3314,2.6
2025-06-09,LATAM,26924.21,679,1.7
2025-02-02,North America,103552.08,2257,8.2
2024-09-07,APAC,33279.46,677,1.9
2024-10-16,EMEA,55514.19,1271,3.4
2024-02-17,EMEA,35162.22,799,0.9
2024-06-08,EMEA,46589.64,1011,3.4
2024-02-28,APAC,41254.77,892,1.7
2025-05-22,LATAM,26911.02,705,9.3
2025-07-11,LATAM,27425.32,679,5.5
2025-07-05,APAC,67010.58,1627,17.4
2025-04-09,North America,144293.45,3064,4.3
2024-10-13,North America,76575.84,1913,7.3
2024-03-08,EMEA,53637.91,1070,8.9
2025-10-17,North America,144602.6,3087,4.9
2025-02-05,North America,125246.27,2865,6.0
2025-04-12,LATAM,23199.67,525,9.1
2024-11-23,North America,80493.25,1736,3.1
2025-08-16,APAC,65398.68,1327,10.0
2024-05-15,APAC,46253.31,917,3.4
2025-11-14,North America,148402.08,3529,6.1
2024-05-18,LATAM,16945.76,380,8.7
2025-10-01,LATAM,24520.53,541,3.3
2024-08-29,LATAM,21203.85,434,11.9
2025-02-09,EMEA,54957.63,1152,3.1
2025-07-26,North America,118649.8,2636,8.3
2024-10-12,EMEA,43161.12,873,0.9
2025-12-07,EMEA,66454.43,1614,1.6
2024-08-02,North America,86673.86,1768,5.9
2025-11-11,LATAM,25178.3,600,9.5
2024-08-22,APAC,,1138,9.1
2025-05-31,APAC,70713.21,1448,4.1
2025-03-28,North America,,3247,6.2
2025-09-23,North America,133776.87,3301,5.7
2025-01-26,LATAM,20307.59,433,7.3
2025-02-26,North America,141388.32,3170,1.6
2024-07-15,LATAM,19571.24,403,0.9
2024-02-10,LATAM,18176.03,442,14.8
2024-05-14,LATAM,24349.94,481,7.7
2025-10-28,EMEA,65321.4,1493,2.3
2024-09-08,EMEA,37557.43,914,6.6
2025-05-28,LATAM,28315.44,638,4.3
2024-03-24,APAC,33784.31,743,8.2
2024-10-14,LATAM,19789.62,507,4.8
2025-11-30,EMEA,66496.31,1499,5.8
2025-07-01,APAC,73778.36,1627,4.1
2024-08-18,APAC,38076.77,751,11.2
2025-08-26,EMEA,69776.4,1563,2.5
2024-09-11,North America,97619.72,2079,5.8
2025-06-13,LATAM,27632.13,547,4.8
2024-06-23,North America,75558.46,1503,2.4
2024-07-25,APAC,49207.92,1016,1.1
2025-12-18,LATAM,29494.17,754,5.2
2025-06-09,EMEA,74624.79,1947,10.8
2025-04-07,North America,151989.87,3864,1.2
2024-01-13,LATAM,14695.34,344,6.7
2025-03-28,LATAM,27234.43,616,3.5
2025-06-28,EMEA,59830.99,1449,5.2
2025-03-27,APAC,72183.8,1875,14.1
2025-12-28,LATAM,25083.16,520,5.9
2025-08-14,LATAM,27379.25,601,4.8
2025-01-06,APAC,60760.0,1305,17.4
2024-02-29,LATAM,22130.9,559,5.6
2025-03-21,APAC,76984.03,1810,8.4
2025-02-22,LATAM,20563.31,478,5.7
2024-07-09,APAC,45953.43,929,6.0
2025-06-15,LATAM,22142.35,426,3.5
2025-12-06,EMEA,67156.11,1699,6.1
2025-05-08,North America,144773.95,3023,3.8
2025-11-03,EMEA,71844.28,1530,8.2
2024-01-31,North America,80474.8,1730,2.0
2025-01-12,EMEA,50769.23,1006,2.5
2025-07-23,LATAM,25107.89,622,3.2
2025-01-24,APAC,67046.52,1398,4.1
2024-08-08,APAC,45835.43,938,3.6
2025-10-02,North America,145970.46,3804,4.4
2024-01-13,North America,57934.09,1513,3.5
2024-12-02,North America,107895.31,2158,3.1
2024-01-14,LATAM,14679.53,295,4.9
2025-02-02,APAC,55876.44,1330,11.7
2025-08-22,LATAM,25502.43,500,4.8
2025-10-15,EMEA,70213.06,1763,5.8
2024-02-18,LATAM,17608.76,370,2.5
2024-12-29,APAC,53466.82,1087,5.1
2024-05-31,LATAM,21725.15,474,4.9
2024-05-16,North America,100771.6,2048,6.1
2024-04-05,LATAM,24394.95,519,4.6
2024-04-26,North America,95040.39,2225,5.3
2025-05-25,APAC,,1596,3.5
2024-12-26,North America,113176.57,2521,1.8
2024-12-22,APAC,46695.66,942,8.4
2025-11-16,EMEA,57029.0,1258,6.1
2025-12-13,North America,141366.72,2913,12.5
2025-11-17,APAC,81182.76,1915,1.8
2024-05-18,EMEA,43886.3,1042,10.0
2024-06-05,APAC,44614.74,1127,2.1
2024-11-21,EMEA,61244.53,1492,5.0
2024-12-06,EMEA,58814.89,1272,3.2
2025-07-07,EMEA,72160.89,1767,3.1
2024-11-04,North America,101415.25,1957,7.0
2025-03-27,North America,132836.82,3350,10.4
2024-09-05,LATAM,21631.59,480,7.2
2025-07-25,LATAM,26970.69,688,3.1
2024-08-25,EMEA,38308.73,962,1.2
2025-11-30,APAC,69739.54,1554,11.2
2025-04-28,LATAM,29166.19,568,7.1
2025-07-01,North America,143151.07,3486,8.4
2024-12-18,North America,112863.77,2884,1.2
2025-10-09,EMEA,74458.92,1625,3.5
2025-03-10,APAC,68280.24,1666,1.3
2024-09-09,EMEA,46927.11,977,5.4
2024-09-26,APAC,46534.25,1016,1.4
2025-08-19,APAC,73006.36,1811,1.1
2024-11-23,EMEA,46686.17,1177,14.8
2025-12-03,North America,159079.65,3975,12.0
2024-04-09,EMEA,52907.2,1153,4.8
2024-11-24,EMEA,45998.73,976,2.4
2024-01-29,LATAM,19504.39,413,8.7
2025-04-16,North America,145934.83,3609,3.7
2025-05-24,APAC,66799.66,1466,5.3
2025-08-18,EMEA,71698.83,1833,13.8
2024-03-17,APAC,31332.23,696,5.1
2025-08-13,EMEA,64699.47,1499,1.8
2024-09-25,North America,93908.63,2057,6.1
2024-04-03,North America,96183.51,2321,3.3
2025-11-17,North America,151155.27,3927,4.1
2024-10-22,LATAM,21046.35,467,3.7
2025-03-08,North America,114876.96,2477,3.3
2024-03-18,North America,98282.22,2249,1.4
2025-12-28,EMEA,65844.7,1477,6.4
2025-07-07,North America,147689.36,3078,1.8
2025-10-30,North America,144303.98,3390,2.2
2025-01-09,LATAM,24918.24,486,6.9
2025-08-15,EMEA,66575.25,1301,19.3
2024-07-20,North America,72537.8,1399,1.6
2024-04-21,APAC,36963.29,777,7.2
2025-12-12,LATAM,27174.68,593,2.1
2024-11-15,LATAM,21522.6,484,1.7
2024-12-12,North America,112786.91,2636,8.3
2025-12-01,LATAM,28617.43,728,3.1
2025-04-10,APAC,74297.51,1948,6.8
2024-07-01,EMEA,54263.9,1398,11.1
2025-01-09,EMEA,58287.18,1145,4.6
2024-05-04,North America,78012.62,1571,8.6
2025-05-08,LATAM,30235.15,600,7.6
2025-07-24,APAC,71415.66,1475,7.9
2025-08-01,EMEA,68516.41,1468,1.6
2024-10-30,North America,103410.16,2640,4.1
2024-09-03,APAC,42463.15,1049,7.3
2024-11-16,North America,85511.13,1837,6.4
2025-09-25,APAC,74422.78,1953,6.9
2024-02-28,North America,91047.12,1977,3.0
2024-12-23,EMEA,62764.23,1639,8.8
2024-07-29,North America,100989.1,2369,8.8
2024-06-21,EMEA,51369.33,1026,4.0
2024-10-21,LATAM,19136.44,489,4.8
2024-06-09,LATAM,16223.97,412,10.4
2024-11-26,EMEA,57962.7,1313,9.4
2024-08-08,North America,93782.97,2266,10.9
2025-05-02,EMEA,76442.59,1910,4.8
2024-03-06,North America,83213.87,1702,17.9
2024-08-14,LATAM,18697.47,472,9.1
2025-09-30,North America,139272.63,3133,8.5
2024-09-27,APAC,49467.16,1159,8.1
2025-05-09,LATAM,28043.91,690,5.8
2025-08-16,EMEA,56838.4,1168,16.6
2024-11-02,APAC,44261.99,1020,6.7
2025-04-14,EMEA,69870.89,1404,2.4
2025-08-02,LATAM,,418,6.5
2024-05-20,LATAM,24525.31,512,5.4
2025-12-03,LATAM,27751.6,542,10.7
2025-08-18,LATAM,26446.1,670,9.8
2024-07-04,APAC,46786.33,1165,5.1
2025-10-18,APAC,68537.6,1651,8.9
2024-06-13,EMEA,57368.33,1376,4.4
2024-01-23,APAC,37527.38,925,8.3
2025-03-27,LATAM,29320.96,647,2.3
2024-09-07,EMEA,35409.2,898,2.3
2024-12-19,North America,110860.43,2471,5.2
2025-03-08,LATAM,21809.62,439,9.4
2025-02-03,EMEA,68962.08,1584,2.9
2024-03-11,North America,88210.22,1937,9.7
2025-05-21,APAC,76042.77,1534,12.5
2025-09-09,APAC,76349.56,1499,9.3
2024-11-26,LATAM,21565.1,502,1.5
2024-01-29,EMEA,46594.9,1056,3.9
2025-10-03,EMEA,69766.91,1461,1.0
2024-07-14,North America,77682.03,1951,8.3
2025-04-15,APAC,75498.53,1663,8.9
2024-11-25,North America,110293.64,2663,2.5
2025-03-27,EMEA,76195.06,1591,10.8
2025-05-09,APAC,74336.56,1612,7.4
2024-05-11,LATAM,17463.79,416,5.7
2025-04-14,APAC,72040.2,1681,10.9
2024-12-28,APAC,53696.74,1179,2.9
2024-07-10,LATAM,19221.05,483,7.2
2025-01-14,EMEA,,1269,5.4
2025-06-19,EMEA,77959.12,1557,6.3
2024-10-26,APAC,42534.36,1032,6.7
2024-04-22,APAC,49150.72,1068,5.6
2025-01-13,APAC,64568.83,1390,1.2
2024-12-17,EMEA,58246.28,1216,6.1
2024-10-20,EMEA,39381.7,869,8.2
2024-06-18,LATAM,21852.84,482,14.3
2025-03-13,North America,139031.87,2815,1.6
2025-01-19,North America,98959.52,2561,8.9
2024-09-10,LATAM,19338.41,391,3.8
2025-09-01,APAC,75378.65,1958,10.1
2024-03-15,LATAM,23800.4,463,6.9
2025-03-24,LATAM,29885.41,631,6.7
2024-03-31,EMEA,48196.72,1055,4.4
2024-08-16,North America,90701.08,2385,3.6
2024-01-01,EMEA,39669.07,791,3.3
2024-07-02,APAC,47847.24,1249,1.9
2025-11-13,EMEA,71913.51,1407,11.8
2025-01-16,EMEA,65862.7,1315,9.6
2024-10-20,LATAM,14041.29,344,6.7
2024-01-30,APAC,35856.76,869,3.0
2025-11-21,APAC,80608.94,1902,2.7
2025-06-04,North America,143461.22,3541,8.0
2025-09-18,EMEA,67655.06,1662,4.5
2024-07-03,North America,96960.64,1931,6.3
2025-12-05,EMEA,79215.45,1789,5.1
2024-04-04,LATAM,23384.2,521,3.1
2025-09-10,EMEA,67029.76,1469,11.4
2024-07-01,APAC,48299.75,1146,2.2
2024-02-17,APAC,29646.42,779,4.8
2025-11-21,North America,149168.73,3643,6.0
2024-11-15,EMEA,55067.08,1205,9.5
2024-08-11,EMEA,36514.0,908,5.7
2024-08-01,EMEA,51775.36,1357,0.8
2025-07-26,EMEA,,1383,7.2
2024-03-18,EMEA,52016.98,1107,4.9
2025-12-07,LATAM,22857.28,493,7.4
2025-11-12,North America,151344.07,3632,5.0
2025-03-15,EMEA,57619.02,1178,12.6
2025-12-29,APAC,87731.25,1955,4.8
2024-12-08,EMEA,42976.76,1111,6.7
2024-10-28,North America,99882.24,2458,6.4
2025-12-15,LATAM,28228.86,586,2.2
2025-03-26,LATAM,27510.33,592,2.6
2025-01-31,APAC,63854.63,1317,7.0
2025-05-05,EMEA,73416.03,1779,5.9
2024-09-06,LATAM,16769.5,422,10.8
2025-02-09,LATAM,20661.49,420,4.0
2024-07-19,North America,100370.42,2453,4.4
2025-04-03,APAC,73298.26,1600,1.2
2025-11-16,EMEA,57029.0,1258,6.1
2025-05-16,LATAM,27343.73,539,4.2
2024-09-11,EMEA,46447.94,1110,3.1
2024-06-27,LATAM,22518.64,466,13.5
2024-12-01,LATAM,17404.66,355,12.8
2025-02-16,APAC,61233.76,1232,5.2
2024-09-29,LATAM,15165.47,358,5.3
2025-05-06,North America,148398.38,3666,1.9
2024-10-22,EMEA,57481.84,1194,6.6
2025-12-10,EMEA,75543.2,1862,1.1
2025-08-20,APAC,73024.33,1794,3.0
2025-10-02,EMEA,69995.79,1728,3.5
2025-02-09,APAC,61969.14,1581,12.9
2025-08-25,North America,140855.65,3083,4.6
2025-12-28,APAC,74915.13,1656,12.1
2024-10-01,APAC,45915.13,911,13.1
2025-01-11,APAC,53667.26,1126,7.6
2025-06-29,APAC,62485.57,1254,6.0
2025-11-13,LATAM,27574.36,675,4.9
2025-12-14,APAC,77987.52,1734,8.7
2025-02-28,LATAM,28542.31,662,4.7
2025-09-12,North America,135283.55,2634,2.2
2024-02-18,APAC,31071.1,747,6.0
2024-05-19,APAC,35045.01,725,2.0
2024-07-08,EMEA,52827.65,1382,9.8
2024-07-20,LATAM,17877.36,409,1.6
2025-10-03,North America,139189.68,2785,4.1
2025-07-18,North America,141294.12,3168,2.9
2025-07-09,EMEA,75368.73,1510,1.5
2025-05-02,LATAM,29065.82,628,2.8
2025-01-14,North America,122359.24,2853,3.9
2025-04-02,North America,141864.68,2892,15.1
2025-03-05,APAC,68486.72,1488,7.4
2025-01-24,North America,127104.04,2759,4.9
2025-11-28,EMEA,76729.37,1730,3.7
2025-05-01,North America,148682.88,3767,12.5
2025-02-27,APAC,67794.54,1378,13.6
2024-09-13,North America,97189.95,2271,4.2
2024-11-22,EMEA,59342.26,1503,4.9
2025-12-31,LATAM,30269.83,670,2.2
2025-03-24,North America,150050.84,3115,11.0
2024-09-02,APAC,47006.28,989,4.2
2024-04-02,APAC,49495.05,978,4.7
2025-11-23,APAC,71879.14,1566,11.1
2025-10-29,EMEA,73110.03,1809,14.3
2024-05-22,North America,105336.25,2600,6.4
2024-02-26,EMEA,49565.1,1110,6.3
2024-11-18,North America,109257.84,2351,1.4
2024-02-10,APAC,28251.85,578,4.6
2025-09-22,LATAM,24793.31,500,4.5
2024-01-17,EMEA,47583.06,1126,1.8
2025-12-04,North America,165349.84,3871,4.4
2024-02-04,LATAM,14787.26,285,12.5
2025-10-23,APAC,80197.45,1945,1.5
2024-05-14,EMEA,56375.83,1288,6.5
2024-01-02,EMEA,47089.55,1154,5.8
2025-03-13,EMEA,72169.09,1417,1.2
2025-09-24,LATAM,22877.04,477,6.2
2024-12-15,LATAM,17953.53,455,11.6
2025-04-06,LATAM,25121.65,613,6.1
2025-09-06,North America,117299.96,2686,5.6
2025-07-21,EMEA,67959.56,1547,5.7
2025-04-05,North America,117730.94,2347,9.5
2025-06-16,LATAM,28749.77,608,1.1
2024-12-21,North America,95024.68,2396,7.5
2025-03-01,EMEA,63068.68,1632,8.2
2025-01-17,North America,128586.37,3053,3.3
2025-08-01,LATAM,24995.55,580,7.8
2024-06-15,LATAM,19871.34,452,6.5
2025-03-25,North America,143697.31,3565,11.4
2024-01-04,APAC,34422.71,783,1.3
2024-08-24,APAC,37648.05,746,2.5
2024-03-14,APAC,41419.63,836,5.6
2024-10-03,North America,95081.3,2230,4.4
2025-10-14,LATAM,26250.23,545,4.0
2025-02-27,North America,,2710,4.6
2025-10-30,APAC,77894.76,2030,0.9
2025-10-13,LATAM,24885.24,619,3.7
2024-02-15,LATAM,20488.35,457,3.6
2024-05-19,North America,77533.06,1643,8.3
2024-02-05,APAC,39360.56,1011,8.3
2025-02-10,North America,127482.49,2789,3.1
2024-05-14,North America,95828.07,1967,2.5
2024-02-06,North America,79725.59,1782,4.7
2025-05-06,APAC,76101.51,1904,3.3
2025-04-18,North America,142354.56,2838,7.4
2024-06-28,EMEA,57738.96,1124,2.0
2025-08-31,LATAM,21845.73,511,6.9
2025-01-25,North America,117030.11,2923,5.3
2024-11-12,APAC,52527.56,1044,0.5
2025-05-14,APAC,78432.26,2051,8.3
2025-10-29,LATAM,,482,6.3
2024-05-12,North America,77809.31,1501,8.6
2025-06-27,LATAM,28181.53,681,3.7
2024-06-03,APAC,48156.74,986,4.4
2024-12-11,EMEA,53815.75,1184,14.9
2024-05-26,LATAM,16726.08,405,0.2
2025-06-27,North America,138188.6,2841,5.3
2025-08-11,North America,142867.52,2906,8.3
2024-02-20,EMEA,53769.79,1284,8.9
2024-08-25,North America,,1524,2.7
2024-04-30,EMEA,58411.3,1244,4.8
2025-08-08,North America,137442.13,2796,4.6
2024-02-17,LATAM,16910.15,405,3.6
2025-05-20,APAC,75091.85,1586,1.7
2025-10-23,North America,150553.23,3771,7.2
2025-04-30,North America,147784.8,3398,3.5
2024-04-22,North America,90338.54,1950,6.7
2024-03-05,LATAM,21910.99,522,14.6
2025-07-08,North America,144959.08,3115,4.8
2025-06-16,APAC,73834.36,1788,1.3
2025-04-23,EMEA,78171.91,1515,6.9
2025-03-09,LATAM,22100.68,557,5.6
2024-04-18,APAC,47799.22,1164,11.5
2024-03-15,EMEA,,1216,9.9
2025-04-24,North America,138508.74,3116,11.5
2025-07-28,EMEA,70510.25,1650,3.4
2025-12-26,North America,166081.19,3428,5.4
2024-12-07,APAC,41154.53,1023,4.4
2024-10-31,North America,103866.54,2620,1.6
2024-11-23,APAC,46474.0,1089,6.8
2025-02-17,APAC,69279.63,1683,1.9
2024-08-20,North America,93800.17,2409,9.8
2025-10-16,EMEA,69244.71,1774,2.7
2024-10-16,North America,96975.02,2345,5.8
2025-11-16,LATAM,20952.96,466,7.9
2025-05-17,North America,131789.51,3257,12.6
2025-04-17,North America,146028.12,3096,3.9
2024-06-19,North America,100679.12,2517,1.5
2025-03-16,EMEA,60719.26,1288,7.9
2024-09-09,North America,87805.89,1735,4.0
2025-02-22,APAC,59569.31,1505,3.0
2024-07-24,EMEA,49449.16,1120,9.5
2025-10-04,APAC,68374.24,1741,3.8
2025-11-08,North America,125865.52,3009,5.7
2025-05-15,EMEA,73697.32,1839,5.8
2025-08-22,APAC,74093.82,1818,4.0
2025-06-15,EMEA,65637.68,1586,16.2
2024-01-11,North America,73004.33,1845,7.1
2024-11-20,LATAM,20130.91,515,17.1
2025-03-23,LATAM,24091.42,537,9.4
2025-08-26,North America,142142.68,3648,10.1
2025-08-12,EMEA,66253.6,1380,2.4
2025-03-18,APAC,71608.22,1469,4.9
2025-12-20,North America,138202.75,2679,7.7
2025-03-18,North America,143087.58,2830,2.3
2025-08-28,EMEA,68364.23,1543,0.5
2025-10-16,LATAM,26713.58,659,6.9
2024-06-24,EMEA,54412.13,1179,11.1
2025-04-27,North America,116414.23,2957,1.6
2024-11-17,APAC,44408.87,870,3.4
2024-01-19,APAC,33536.18,752,10.3
2024-04-28,LATAM,18739.81,388,8.0
2025-02-16,EMEA,56629.39,1221,5.1
2025-10-21,North America,148787.83,3494,11.9
2025-09-02,North America,137777.78,2912,2.7
2025-09-07,APAC,64294.11,1494,5.2
2024-12-26,LATAM,25712.32,579,18.5
2024-01-08,LATAM,21425.07,449,2.7
2025-09-21,LATAM,,466,11.1
2024-08-11,LATAM,14162.79,349,15.1
2025-06-22,LATAM,23195.98,564,5.6
2024-12-14,EMEA,47563.81,1145,6.3
2024-10-18,LATAM,21882.31,478,3.4
2024-04-11,LATAM,22658.02,521,4.3
2024-06-01,North America,76894.55,1645,12.1
2025-09-08,LATAM,26253.43,574,5.3
2025-10-24,LATAM,,584,11.2
2024-09-21,EMEA,35289.87,913,1.4
2024-06-10,APAC,47266.62,922,10.3
2024-12-30,LATAM,,602,11.0
2025-03-23,North America,116795.91,2690,11.8
2025-09-27,APAC,66533.96,1617,1.3
2025-08-31,APAC,63584.97,1610,6.3
2024-04-10,APAC,48565.02,1088,2.9
2024-05-30,North America,88453.65,2235,4.1
2025-11-30,North America,134643.37,2953,5.4
2025-07-05,North America,117937.07,2444,1.3
2024-03-23,LATAM,16737.48,327,2.2
2025-07-25,APAC,74924.55,1530,5.5
2025-12-05,LATAM,26693.62,541,5.4
2025-11-24,APAC,82874.74,1762,1.8
2025-10-19,North America,,2868,12.2
2024-08-06,APAC,46049.97,1164,5.0
2025-05-11,APAC,67009.66,1552,10.6
2024-03-27,APAC,44968.85,1100,4.6
2025-09-08,APAC,73973.18,1427,10.6
2024-01-11,EMEA,45839.38,1019,2.8
2024-06-15,APAC,37311.63,974,4.4
2025-03-14,EMEA,76449.07,1866,5.6
2025-09-27,North America,125342.94,3041,6.3
2024-08-28,North America,89681.88,1999,5.8
2025-12-11,EMEA,81447.3,1845,10.4
2024-01-21,APAC,31679.76,831,3.0
2024-05-29,LATAM,23485.08,461,3.2
2025-10-31,EMEA,,1451,1.9
2025-04-06,North America,127352.06,2842,0.8
2024-05-05,EMEA,46273.36,1073,4.1
2024-04-22,LATAM,24866.26,561,6.4
2025-03-21,LATAM,29402.25,593,10.2
2025-04-09,APAC,72557.86,1589,1.7
2025-08-29,North America,140072.31,3343,4.6
2025-07-03,APAC,,1723,4.6
2024-11-24,North America,91539.84,1865,5.0
2024-07-17,EMEA,52978.35,1074,5.8
2025-09-20,EMEA,,1462,4.9
2025-02-13,EMEA,71706.25,1394,7.4
2025-05-30,LATAM,28420.88,638,1.7
2024-10-05,APAC,40003.49,924,8.5
2024-08-08,LATAM,21560.39,437,3.9
2025-04-12,North America,124573.35,3248,4.0
2025-06-19,LATAM,27004.12,690,6.5
2025-04-15,North America,148457.45,3460,3.6
2025-07-22,North America,139313.27,3583,7.0
2025-06-23,LATAM,26731.87,606,3.8
2024-01-14,EMEA,32319.22,686,4.5
2025-12-22,LATAM,28688.82,755,5.8
2025-02-01,LATAM,20943.05,411,2.9
2025-10-18,EMEA,58532.11,1523,5.3
2025-06-20,EMEA,76360.92,1711,3.9
2024-08-24,North America,75099.47,1866,4.5
2025-01-01,LATAM,24801.59,633,5.0
2024-07-22,APAC,45907.3,1007,3.2
2024-07-19,APAC,44442.64,1169,2.0
2024-06-29,LATAM,18374.77,401,12.6
2024-01-19,LATAM,18753.95,410,4.3
2025-02-08,North America,110352.47,2570,4.8
2024-05-11,APAC,38261.3,840,9.6
2025-12-28,North America,143014.49,3408,2.3
2025-04-27,EMEA,67342.27,1484,4.2
2025-05-28,North America,145590.71,3043,6.1
2024-08-09,LATAM,19522.67,380,7.3
2025-12-17,APAC,82720.44,1632,5.6
2025-07-08,LATAM,28500.92,745,4.9
2025-11-24,EMEA,75981.42,1648,7.6
2025-01-13,LATAM,26719.75,598,4.2
2025-09-03,APAC,76598.38,1880,7.4
2025-10-20,APAC,78640.26,1587,15.3
2025-10-07,LATAM,23428.72,533,2.7
2024-03-18,APAC,40538.75,866,1.2
2024-04-26,APAC,48868.49,1146,2.5
2025-08-21,APAC,76534.7,1564,1.9
2024-01-10,APAC,34468.5,759,7.7
2025-05-13,LATAM,,601,4.5
2024-08-20,LATAM,21982.88,538,6.8
2024-03-04,LATAM,25363.25,592,3.2
2024-06-07,LATAM,22269.62,457,9.8
2024-05-18,APAC,,822,11.2
2024-03-12,APAC,47909.66,1237,1.8
2025-03-20,APAC,,1406,5.8
2024-03-21,North America,98525.74,2174,1.8
2025-10-01,North America,142570.45,3318,6.2
2024-06-02,EMEA,46606.32,1156,0.8
2025-08-20,North America,144483.54,3757,6.4
2024-02-12,EMEA,56287.45,1351,0.5
2025-05-24,North America,122515.14,2546,3.2
2025-11-18,North America,150499.36,3630,4.6
2024-05-27,North America,104928.58,2418,5.7
2025-05-02,APAC,74110.72,1475,2.1
2024-12-02,LATAM,23805.93,608,3.9
2024-01-22,APAC,35938.79,828,4.1
2024-12-25,EMEA,63562.07,1264,2.0
2024-02-25,EMEA,37589.61,784,8.1
2024-05-28,North America,101369.81,2273,7.3
2025-08-10,North America,121123.78,2985,4.4
2024-01-27,EMEA,35269.88,846,5.6
2025-11-11,EMEA,70783.2,1579,2.2
2025-05-22,North America,139688.32,3246,2.9
2024-02-21,APAC,38289.49,832,3.9
2024-05-15,EMEA,56152.89,1445,6.5
2024-03-13,APAC,45820.31,1115,1.5
2024-03-06,LATAM,22877.59,567,11.0
2025-10-08,North America,144783.84,3080,0.7
2025-07-02,LATAM,25678.81,578,5.3
2025-10-03,APAC,77164.36,1551,5.3
2024-09-26,North America,98431.65,2313,6.4
2025-02-04,APAC,64473.07,1289,9.2
2024-03-12,LATAM,20329.7,454,2.1
2024-11-29,North America,101578.1,2293,5.4
2025-01-31,EMEA,67805.18,1627,4.2
2025-11-21,LATAM,27228.24,657,11.6
2024-02-23,EMEA,54432.24,1053,4.1
2024-04-10,LATAM,27287.06,530,1.4
2024-06-27,EMEA,55356.36,1402,10.7
2025-05-22,EMEA,80271.62,1994,3.3
2024-10-27,EMEA,41714.64,1043,2.1
2024-03-31,APAC,40509.99,831,6.1
2024-07-20,APAC,34328.25,841,9.0
2025-02-15,LATAM,22969.75,468,10.2
2024-09-27,North America,99041.68,1908,2.2
2024-03-19,EMEA,53870.13,1113,16.8
2024-09-21,North America,72863.78,1551,9.3
2025-12-27,EMEA,73742.37,1930,8.3
2024-08-16,EMEA,51201.61,1141,2.0
2024-03-28,North America,96173.27,2334,6.7
2025-10-28,North America,150050.85,3152,2.1
2024-09-14,North America,69884.63,1706,8.0
2024-01-30,EMEA,53834.38,1045,3.7
2024-07-14,APAC,39931.53,857,10.8
2025-07-15,EMEA,70817.96,1564,4.0
2024-08-13,EMEA,53256.81,1288,15.4
2024-01-06,EMEA,30763.15,788,12.2
2025-05-11,North America,125419.7,3240,2.6
2025-03-20,EMEA,75031.68,1794,2.4
2024-02-02,EMEA,47866.47,1033,3.0
2024-08-22,North America,98484.54,2453,11.9
2024-08-07,APAC,43678.65,977,4.6
2024-06-11,North America,92634.23,2316,3.8
2025-10-30,EMEA,74770.8,1518,3.2
2024-01-18,LATAM,20534.8,418,4.1
2025-09-19,North America,142366.62,3096,2.6
2025-11-06,North America,148486.39,3721,7.4
2024-11-27,LATAM,19101.77,398,10.3
2025-10-27,North America,148521.99,3773,1.0
2024-05-31,EMEA,52587.02,1229,4.9
2025-03-20,LATAM,29891.06,637,6.3
2024-08-10,EMEA,38981.41,931,4.0
2024-09-24,LATAM,19894.13,470,4.5
2025-12-03,EMEA,78801.92,1588,3.4
2024-07-23,APAC,46987.33,969,9.4
2025-03-17,LATAM,,699,2.3
2025-12-14,North America,141913.21,3081,10.5
2024-05-03,North America,97544.47,1987,8.9
2025-01-05,APAC,50156.21,994,1.6
2024-05-04,APAC,37491.65,837,4.4
2024-03-04,APAC,42689.58,907,1.9
2024-04-23,EMEA,53387.41,1391,8.5
2025-09-26,APAC,,1816,6.0
2024-05-24,LATAM,22687.31,549,8.5
2025-01-04,North America,94665.48,2120,9.3
2024-07-25,EMEA,55793.06,1352,16.3
2024-11-07,LATAM,,414,0.8
2025-02-20,North America,132901.48,3282,6.6
2024-12-25,APAC,60499.74,1507,3.3
2025-11-10,North America,159294.68,4160,3.9
2024-06-07,North America,93779.07,2243,0.4
2025-08-11,EMEA,69901.59,1701,1.7
2024-06-17,North America,100562.46,2628,2.6
2024-04-11,North America,95950.34,2206,3.5
2025-05-29,North America,127584.06,3343,9.9
2025-09-18,LATAM,26319.68,588,1.8
2025-05-25,North America,123105.43,2432,7.7
2025-06-04,APAC,73090.66,1478,3.3
2024-05-18,North America,75604.52,1740,4.3
2024-07-16,APAC,42364.69,1074,5.5
2025-11-04,EMEA,76446.7,1678,2.0
2024-09-20,LATAM,19689.27,407,6.1
2025-10-05,North America,125399.81,2685,16.5
2024-08-02,APAC,44398.67,888,7.4
2025-01-11,LATAM,20437.84,505,1.1
2024-05-19,EMEA,43050.17,925,2.8
2025-05-04,EMEA,58136.25,1166,10.0
2024-07-01,North America,89364.25,2321,2.7
2024-06-02,APAC,40565.73,862,15.1
2024-07-28,APAC,34390.58,812,9.4
2024-01-21,LATAM,14027.63,298,3.1
2025-03-12,APAC,70171.69,1813,6.6
2024-12-05,LATAM,23150.77,502,2.0
2024-03-22,North America,94317.31,1881,5.0
2024-08-02,EMEA,53260.74,1399,5.7
2025-04-26,APAC,64631.97,1555,1.0
2025-12-18,APAC,90175.79,2121,7.8
2024-11-10,EMEA,36210.36,755,10.5
2025-12-25,APAC,85952.55,1884,4.2
2025-02-20,EMEA,70222.1,1726,2.1
2024-10-25,North America,93820.28,1836,6.8
2025-09-16,APAC,74748.2,1457,3.6
2025-10-01,APAC,75716.14,1477,12.1
2024-05-16,EMEA,59371.4,1560,2.5
2024-01-16,North America,79736.12,1643,3.5
2024-01-13,APAC,25107.17,600,5.8
2025-01-26,North America,106438.16,2220,1.5
2024-03-03,North America,69707.91,1442,1.8
2024-02-05,EMEA,46549.15,933,8.9
2024-01-26,EMEA,53127.91,1354,9.6
2025-10-19,EMEA,60841.87,1248,5.2
2025-11-02,North America,126801.32,2523,7.8
2025-03-25,EMEA,73287.5,1484,5.2
2025-11-01,North America,128875.5,2493,2.8
2025-06-11,North America,150852.93,3495,8.9
2024-06-06,LATAM,22966.2,498,5.5
2024-01-21,North America,61943.74,1283,5.7
2025-06-23,North America,143644.97,3657,6.2
2025-12-29,LATAM,28623.42,618,6.4
2025-12-19,North America,159025.87,4067,10.1
2024-08-16,LATAM,18535.46,450,9.2
2024-11-17,North America,76006.74,1694,4.3
2024-09-01,LATAM,13726.2,331,4.4
2024-09-01,EMEA,37649.28,793,7.1
2025-11-20,APAC,,1727,3.1
2024-10-03,EMEA,51081.24,1129,2.8
2024-09-05,LATAM,21631.59,480,7.2
2025-11-27,APAC,81402.47,1823,4.2
2025-08-11,EMEA,69901.59,1701,1.7
2024-01-15,LATAM,20559.82,420,10.3
2024-08-27,North America,93245.32,2288,6.4
2025-04-30,APAC,77832.25,1578,7.5
2024-12-13,LATAM,21377.18,508,6.2
2025-02-05,LATAM,27088.95,554,6.4
2024-07-13,LATAM,17216.11,411,12.1
2024-07-03,LATAM,24272.07,526,3.0
2024-10-24,APAC,52702.05,1126,6.9
2025-12-20,APAC,80698.39,1841,10.0
2025-08-15,North America,136893.4,3113,6.9
2024-06-16,EMEA,44306.64,1125,11.8
2024-03-20,LATAM,24613.76,615,4.9
2024-07-15,North America,92284.25,1851,6.2
2024-01-25,EMEA,47364.91,999,2.4
2024-03-16,North America,66613.84,1325,3.3
2025-03-19,EMEA,76856.52,1760,7.0
2024-11-13,APAC,52191.18,1247,12.1
2024-05-30,EMEA,56893.7,1245,2.0
2025-07-19,LATAM,20904.1,544,11.2
2025-11-11,APAC,81568.08,1620,3.0
2024-01-24,North America,,1720,2.7
2024-03-13,LATAM,22782.49,454,5.4
2024-08-24,LATAM,15994.68,398,4.1
2024-11-12,North America,113179.92,2905,2.6
2024-02-19,North America,87596.33,1696,4.4
2024-06-18,North America,89645.13,1933,3.3
2024-05-13,North America,96988.29,2125,5.6
2025-05-05,APAC,77210.09,1944,3.0
2024-05-27,LATAM,25025.95,500,5.6
2025-04-11,North America,145353.39,3313,8.7
2024-04-10,EMEA,59445.89,1364,5.6
2024-11-14,North America,98117.06,2382,6.2
2024-06-14,APAC,48649.39,1086,15.5
2024-09-07,LATAM,13892.11,302,3.3
2024-12-10,LATAM,23983.78,495,8.5
2025-06-24,North America,139429.08,2967,0.8
2024-10-23,APAC,46639.97,954,2.1
2025-04-03,LATAM,28538.48,556,4.9
2025-10-09,North America,141755.63,3258,9.7
2024-02-05,North America,79778.84,1732,4.8
2024-01-20,North America,68010.65,1410,7.1
2024-08-19,North America,89810.15,2351,7.1
2025-05-05,LATAM,27878.9,549,9.0
2024-04-07,LATAM,17220.82,418,5.3
2024-06-17,EMEA,53094.67,1045,5.6
2024-03-14,EMEA,58391.04,1283,7.1
2025-05-13,LATAM,,601,4.5
2025-02-25,APAC,68011.02,1377,7.0
2025-12-05,APAC,84641.04,2017,4.6
2025-02-11,North America,132282.11,2671,9.2
2025-01-10,LATAM,26842.29,537,2.3
2024-09-18,North America,97883.36,2228,7.8
2025-08-14,APAC,74774.78,1679,5.2
2024-02-07,APAC,36392.75,859,3.1
2024-04-19,LATAM,25667.47,584,7.9
2025-03-19,APAC,72987.64,1569,2.7
2024-12-28,North America,96228.89,2186,4.5
2025-10-15,North America,141977.05,3020,4.6
2024-08-26,LATAM,18460.99,443,2.8
2024-10-03,APAC,47984.52,1236,4.2
2025-02-27,LATAM,29887.87,742,1.6
2024-02-11,APAC,,681,6.8
2025-01-06,LATAM,24459.66,604,4.1
2024-06-18,APAC,46667.92,1053,7.1
2025-10-02,APAC,71946.62,1840,2.6
2024-11-18,LATAM,21668.47,460,7.0
2024-09-23,EMEA,45946.0,1060,7.2
2024-10-29,North America,93212.46,1881,12.5
2025-01-02,APAC,62805.71,1445,8.8
2025-01-27,LATAM,27388.19,542,2.1
2025-01-17,APAC,61703.15,1567,11.3
2025-10-07,APAC,75856.0,1992,5.1
2025-02-20,LATAM,26573.27,559,8.5
2024-01-22,LATAM,21073.05,417,12.1
2024-05-24,EMEA,55419.41,1246,10.6
2024-11-27,EMEA,58232.27,1256,3.7
2025-05-26,APAC,76492.35,1581,0.6
2024-09-04,EMEA,49192.56,959,15.0
2025-01-08,EMEA,62680.04,1447,2.7
2025-01-15,EMEA,64456.9,1292,3.4
2024-12-20,LATAM,23972.09,506,7.4
2024-11-16,EMEA,45352.43,972,9.8
2024-02-16,LATAM,23911.34,473,2.2
2025-09-28,EMEA,58034.55,1367,6.5
2024-05-05,APAC,40915.02,958,12.4
2025-08-23,North America,119681.54,2747,6.8
2025-09-07,LATAM,18044.44,372,8.3
2024-03-30,LATAM,18478.65,456,2.7
2025-04-28,North America,144542.5,3198,4.1
2025-03-06,EMEA,76544.5,1625,8.2
2024-10-06,North America,79216.49,1778,7.3
2024-07-10,EMEA,53987.92,1311,5.5
2025-03-06,LATAM,29692.25,589,5.9
2025-03-20,North America,142400.53,3581,7.3
2025-03-11,EMEA,68105.6,1534,6.8
2025-05-24,LATAM,22766.94,461,5.8
2024-08-16,APAC,46545.39,993,9.7
2025-04-25,APAC,77517.86,1947,3.0
2025-07-03,North America,139634.6,3656,10.1
2025-03-13,APAC,68781.64,1648,2.1
2025-03-31,North America,147458.06,3218,3.6
2024-10-12,North America,80738.66,1772,4.0
2024-02-09,LATAM,22819.74,486,2.9
2025-11-18,EMEA,76964.73,1938,6.3
2024-04-13,APAC,34140.1,858,7.2
2025-09-30,EMEA,73054.75,1696,7.7
2025-07-23,EMEA,68878.47,1640,7.0
2024-07-21,North America,73643.06,1861,7.0
2025-11-07,North America,143377.29,2923,11.9
2025-03-14,North America,145172.22,2810,2.5
2025-09-21,North America,129142.5,2565,2.4
2025-06-17,EMEA,72324.3,1455,2.1
2024-01-05,EMEA,46296.88,939,2.6
2024-12-26,APAC,60977.57,1465,2.9
2025-07-04,LATAM,29526.87,749,10.3
2024-07-15,EMEA,57120.45,1483,12.1
2024-10-15,LATAM,21425.4,475,5.6
2024-12-06,APAC,55304.01,1118,4.0
2025-05-10,EMEA,64605.01,1517,7.5
2024-07-24,North America,94015.12,2444,4.4
2024-09-05,North America,89846.41,1896,4.9
2024-08-23,LATAM,22184.27,479,11.6
2025-09-05,APAC,77304.75,1534,2.6
2025-07-24,North America,141481.43,3177,4.0
2024-12-17,APAC,57716.73,1406,5.3
2024-07-12,APAC,49290.73,994,8.2
2025-01-30,EMEA,66402.21,1729,6.0
2024-06-24,LATAM,22329.35,517,6.5
2024-08-31,APAC,34322.37,777,4.6
2024-05-27,EMEA,57377.59,1108,14.2
2024-03-07,North America,85185.53,1694,1.6
2024-10-15,APAC,47821.04,1163,5.3
2025-09-15,EMEA,66756.93,1400,8.0
2024-04-03,LATAM,23953.68,534,10.5
2025-07-20,APAC,67907.66,1614,5.6
2024-10-05,North America,76392.27,1494,1.8
2024-02-26,APAC,41307.99,888,5.1
2024-06-28,North America,94791.39,1898,0.5
2024-06-09,APAC,39787.55,828,0.9
2024-06-13,North America,91853.45,2032,5.6
2024-01-12,APAC,34537.05,697,9.1
2025-08-19,LATAM,24622.29,562,4.9
2025-09-22,North America,145922.99,3276,11.1
2024-04-16,EMEA,58061.68,1452,2.9
2024-12-16,EMEA,53338.83,1088,0.4
2024-03-26,APAC,44511.81,986,9.5
2025-10-12,EMEA,53354.46,1081,12.0
2025-01-24,EMEA,64394.7,1664,7.8
2024-01-11,APAC,33107.05,784,13.6
2025-01-21,North America,125533.84,2661,6.8
2025-07-08,EMEA,69364.07,1362,1.4
2024-10-26,EMEA,38693.87,999,5.8
2024-06-19,EMEA,49285.43,1105,6.8
2025-06-29,North America,126333.95,2891,6.2
2024-06-10,LATAM,23020.63,508,6.9
2025-02-19,EMEA,74694.36,1439,11.5
2024-01-02,LATAM,17505.45,380,4.5
2024-02-03,North America,65445.24,1426,8.6
2025-03-04,EMEA,70678.79,1737,9.5
2024-07-05,EMEA,56798.12,1245,3.5
2025-01-12,APAC,53001.61,1368,7.7
2025-03-28,APAC,73605.94,1578,1.0
2024-05-04,LATAM,18128.25,471,5.2
2025-03-03,APAC,70887.95,1700,11.3
2025-09-22,EMEA,67615.87,1652,14.6
2024-08-07,North America,81970.88,2015,6.4
2024-06-11,EMEA,55638.14,1072,13.2
2025-02-17,EMEA,72111.43,1627,7.8
2024-12-08,North America,87855.46,2294,5.8
2025-11-12,APAC,81424.89,1688,4.7
2025-11-15,APAC,71624.07,1460,4.0
2025-07-09,APAC,75998.14,1996,2.7
2024-10-26,North America,70512.94,1547,2.8
2024-05-25,North America,77275.58,1888,9.6
2024-03-27,North America,89440.91,2042,3.2
2024-04-01,North America,93021.85,1828,5.2
2024-03-03,LATAM,19671.48,414,3.1
2024-05-21,North America,103704.37,2033,4.1
2024-09-02,EMEA,49047.14,1095,8.9
2024-08-17,EMEA,41392.07,914,5.1
2024-06-24,North America,102942.59,2024,3.7
2025-08-17,APAC,65622.33,1634,3.1
2024-06-14,North America,98041.57,2156,4.3
2024-02-12,LATAM,24203.38,534,8.0
2025-10-18,LATAM,19673.89,397,2.7
2024-10-18,APAC,48135.7,937,5.5
2025-11-26,LATAM,28781.85,592,6.3
2025-11-22,APAC,73016.81,1575,6.8
2024-03-01,North America,95474.13,2181,7.5
2024-02-14,LATAM,21563.84,560,5.2
2025-03-24,APAC,73703.52,1854,1.2
2025-08-19,North America,140508.72,3528,2.5
2024-04-25,LATAM,23793.55,476,12.1
2025-12-31,APAC,85319.0,2006,5.1
2024-07-08,APAC,47495.32,1019,5.6
2025-11-29,EMEA,64377.15,1325,2.3
2024-10-24,LATAM,21903.55,485,7.9
2024-06-08,North America,73922.25,1928,7.1
2025-03-25,LATAM,28626.38,578,3.4
2024-09-12,APAC,49076.74,1143,4.7
2025-01-21,LATAM,24557.95,478,11.0
2024-06-12,North America,102414.26,2332,4.2
2025-02-24,North America,140800.61,3034,2.7
2025-12-16,North America,161166.86,3873,2.0
2024-02-27,EMEA,55764.0,1136,4.2
2025-06-01,APAC,,1533,5.0
2025-04-05,APAC,65315.2,1294,4.4
2024-11-22,North America,101867.42,2496,4.9
2024-05-17,LATAM,23724.67,499,1.8
2024-08-05,LATAM,19217.54,383,13.0
2024-04-08,LATAM,24598.41,612,7.3
2024-04-02,EMEA,50763.0,1100,5.4
2025-05-18,North America,122264.35,2787,2.2
2024-07-11,LATAM,21023.9,521,4.4
2024-10-09,North America,100475.26,2180,0.8
2024-08-26,APAC,45036.66,1142,8.5
2024-08-04,North America,69519.27,1400,11.1
2024-11-27,APAC,55635.8,1287,5.5
2025-01-13,North America,130966.41,3410,1.6
2024-07-09,EMEA,51155.46,1069,14.0
2025-09-17,APAC,70726.74,1421,2.4
2024-03-10,APAC,32166.64,621,5.6
2025-06-18,APAC,70850.07,1825,3.2
2025-05-04,LATAM,23233.33,610,4.1
2025-05-07,APAC,67644.79,1559,6.5
2025-12-24,EMEA,77795.63,1556,6.2
2025-10-11,APAC,70860.43,1711,0.9
2024-03-29,LATAM,23139.0,556,1.9
2025-11-07,EMEA,76734.66,1776,3.0
2024-04-15,EMEA,59251.61,1494,2.8
2025-12-19,LATAM,27569.25,610,11.5
2025-05-16,APAC,74933.47,1480,6.7
2024-06-20,North America,91932.72,1824,11.9
2024-04-18,LATAM,25817.45,548,6.0
2025-12-02,North America,161487.75,3271,3.0
2024-10-04,LATAM,20596.19,430,4.0
2024-02-13,North America,,2147,5.7
2025-05-16,North America,143047.05,3092,1.4
2024-05-07,North America,92419.89,1964,6.7
2025-11-28,North America,152253.19,2969,10.1
2025-07-21,APAC,76321.15,1875,3.2
2025-10-27,APAC,75759.58,1704,0.6
2024-09-15,North America,62170.3,1460,6.2
2025-05-12,EMEA,77790.14,1641,0.5
2025-12-13,LATAM,21803.27,570,17.4
2024-05-25,APAC,41316.14,1040,6.8
2025-11-04,APAC,80298.01,1759,6.7
2025-06-11,APAC,79192.32,1912,4.5
2024-03-05,EMEA,48403.76,938,1.2
2025-04-05,LATAM,25590.49,651,3.0
2024-12-18,APAC,56004.01,1282,7.0
2024-10-01,EMEA,53035.19,1048,7.9
2025-12-26,EMEA,81556.91,2067,2.9
2024-08-05,APAC,46123.93,917,4.6
2025-02-07,LATAM,24968.62,550,4.9
2025-02-22,North America,120109.08,2935,3.2
2024-01-09,LATAM,19115.05,393,5.0
2025-04-13,LATAM,22650.75,452,10.2
2025-09-24,North America,145231.74,3430,10.9
2025-02-14,EMEA,71892.01,1566,2.9
2024-04-09,North America,97748.17,2004,4.9
2024-06-30,North America,80075.28,1997,9.2
2025-01-07,LATAM,24424.39,498,5.1
2025-09-22,APAC,75791.55,1789,7.0
2025-01-25,EMEA,54964.65,1301,8.5
2024-03-16,LATAM,16413.39,406,7.0
2025-12-27,APAC,75717.73,1641,11.3
2025-10-04,North America,122446.36,2677,10.1
2024-07-31,LATAM,22096.4,531,8.2
2025-12-23,EMEA,77119.43,1797,5.4
2024-09-18,EMEA,55805.55,1214,12.4
2024-06-16,North America,82589.8,2037,1.2
2024-02-20,LATAM,22623.54,441,6.1
2025-12-02,APAC,80028.19,2023,1.7
2025-12-19,EMEA,74924.48,1785,5.7
2024-09-04,LATAM,,440,4.8
2025-08-28,APAC,73654.5,1498,12.5
2024-08-01,LATAM,20351.89,495,6.5
2025-10-10,LATAM,24452.29,510,1.9
2024-07-23,North America,91134.82,1884,6.1
2025-02-24,EMEA,70072.52,1365,9.7
2024-01-05,LATAM,21231.71,503,0.6
2024-01-10,EMEA,45398.91,898,8.4
2025-04-20,APAC,64812.2,1315,6.2
2025-01-23,North America,120483.12,3014,4.2
2025-11-29,LATAM,20924.81,486,6.1
2025-06-18,EMEA,72613.31,1584,1.1
2025-07-02,EMEA,67703.42,1676,1.0
2024-05-02,APAC,42837.49,1064,2.7
2024-10-25,EMEA,52370.29,1083,7.3
2025-12-09,APAC,84656.56,1646,1.0
2025-10-16,North America,140901.22,2803,11.6
2025-07-18,LATAM,26551.04,520,6.6
2025-09-27,LATAM,19470.01,512,7.6
2024-08-01,APAC,46373.2,934,6.7
2025-10-22,North America,143889.98,3630,3.4
2024-03-29,EMEA,54960.42,1076,0.8
2024-06-30,APAC,39638.54,877,2.3
2024-04-07,EMEA,47972.47,930,3.7
2025-09-29,APAC,75939.52,1525,7.3
2024-07-22,LATAM,22439.12,481,2.9
2025-05-24,EMEA,62351.92,1349,2.3
2024-03-07,LATAM,22782.23,554,7.2
2025-12-04,EMEA,73043.27,1575,0.7
2025-05-22,APAC,77827.05,1603,1.9
2025-08-24,LATAM,21527.44,562,4.1
2024-11-10,North America,82299.99,2090,5.9
2024-02-14,APAC,40276.73,780,6.5
2024-07-27,North America,64885.55,1266,7.4
2025-11-29,North America,139444.95,3266,4.0
2024-12-12,APAC,54000.33,1046,5.3
2025-03-25,APAC,70728.76,1837,3.3
2025-12-11,LATAM,30209.01,600,4.7
2025-08-30,EMEA,53087.87,1056,7.3
2025-10-20,LATAM,26007.92,622,7.7
2024-11-29,LATAM,24272.41,531,0.9
2024-12-12,LATAM,23892.12,539,15.7
2024-12-05,North America,112650.11,2189,6.0
2024-08-07,LATAM,19429.38,396,3.2
2024-10-23,EMEA,47323.1,1025,9.8
2024-02-19,EMEA,53418.79,1064,16.1
2024-02-19,APAC,41111.68,1064,2.5
2024-08-12,EMEA,55888.88,1085,9.7
2024-11-08,APAC,50750.18,1132,10.4
2025-05-27,North America,147267.35,3000,1.7
2025-04-04,APAC,73295.09,1552,4.2
2024-04-29,North America,100386.09,2013,5.0
2024-11-19,APAC,49091.08,1266,11.3
2025-05-17,LATAM,24260.34,615,9.3
2025-05-09,North America,143605.91,3710,3.7
2025-07-16,EMEA,68188.78,1587,3.9
2025-04-22,LATAM,29287.12,592,7.9
2025-08-27,EMEA,71800.37,1589,6.1
2025-03-18,EMEA,74746.9,1523,7.3
2024-10-06,LATAM,13341.1,329,6.8
2024-05-16,APAC,47455.23,1108,6.1
2024-10-20,North America,70882.57,1859,5.1
2025-01-29,LATAM,23530.01,523,3.0
2025-09-14,LATAM,19066.15,398,12.5
2025-09-09,LATAM,26592.82,691,4.4
2025-06-28,LATAM,,467,8.4
2024-07-06,EMEA,44200.74,1061,7.1
2025-02-10,EMEA,68832.59,1345,0.7
2025-03-17,North America,,3256,8.8
2025-08-29,LATAM,25002.32,606,5.5
2024-09-05,EMEA,54688.84,1238,2.0
2025-04-06,EMEA,63690.82,1548,0.7
2025-11-01,EMEA,54723.64,1425,11.2
2025-05-25,LATAM,24060.91,536,4.5
2025-10-02,LATAM,23546.82,465,8.6
2025-05-10,APAC,69548.32,1732,5.9
2025-12-15,EMEA,75748.49,1728,7.5
2025-09-11,North America,140917.28,3146,3.8
2025-02-28,EMEA,71669.94,1382,6.2
2025-09-21,APAC,66990.79,1616,2.5
2025-05-31,LATAM,23268.78,467,18.8
2025-09-27,EMEA,51459.46,1110,7.7
2025-06-12,EMEA,73040.37,1431,2.6
2024-03-14,LATAM,21442.3,424,6.9
2024-10-30,APAC,49113.09,1197,7.0
2025-11-06,LATAM,24773.97,485,5.6
2024-12-30,LATAM,,602,11.0
2025-12-23,LATAM,25865.67,558,2.0
2024-02-06,APAC,40288.1,936,16.3
2025-09-01,EMEA,65968.19,1466,5.5
2025-04-30,EMEA,79016.51,1810,5.7
2024-01-17,APAC,33902.53,703,7.2
2024-12-20,North America,116330.47,2830,9.8
2025-10-29,APAC,75359.84,1683,13.6
2024-08-30,APAC,48299.23,999,5.7
2024-11-20,EMEA,55663.19,1133,16.4
2024-01-20,EMEA,40930.29,844,5.9
2024-11-05,LATAM,20448.67,406,4.1
2024-04-17,North America,90835.89,2019,9.5
2025-07-13,APAC,65486.38,1555,6.5
2025-09-05,LATAM,25838.12,599,1.1
2024-07-30,APAC,44547.11,1072,3.4
2025-09-01,North America,142746.05,3511,14.3
2025-09-12,APAC,75621.25,1881,5.1
2025-10-25,LATAM,19810.75,508,12.9
2024-11-24,APAC,45544.35,951,5.2
2024-05-30,APAC,46336.46,1213,4.7
2024-03-01,APAC,40782.39,956,3.6
2024-03-10,North America,69977.67,1766,14.1
2024-04-27,APAC,34946.19,867,6.5
2024-04-06,EMEA,48220.61,1178,3.0
2024-10-28,LATAM,19538.68,492,9.8
2025-04-19,EMEA,64368.52,1383,4.4
2024-11-22,APAC,53588.08,1044,7.2
2025-01-01,EMEA,69450.25,1474,1.4
2025-03-11,APAC,73012.44,1874,5.5
2024-09-16,APAC,45856.67,1145,3.8
2025-03-23,APAC,64122.81,1489,2.8
2024-12-27,LATAM,23120.56,450,6.4
2024-01-30,North America,85507.12,1766,3.3
2024-07-06,North America,74752.16,1452,8.9
2025-11-25,North America,169442.46,4312,2.7
2025-09-06,LATAM,22531.44,591,3.5
2025-01-27,EMEA,70162.82,1548,1.7
2024-11-03,APAC,40648.13,783,3.9
2025-05-21,EMEA,74576.19,1562,9.2
2025-03-10,EMEA,73575.23,1740,6.5
2025-05-18,LATAM,24407.74,633,9.8
2025-08-08,APAC,78109.47,2020,8.7
2025-01-04,APAC,54856.66,1065,1.3
2024-05-03,APAC,44503.98,1140,4.6
2025-06-22,APAC,62696.44,1511,4.9
2024-05-12,EMEA,48670.26,1263,4.4
2024-05-06,APAC,42862.09,875,5.6
2024-11-01,LATAM,19918.26,438,6.9
2024-02-01,EMEA,48121.92,1006,9.7
2025-12-08,APAC,84894.96,1897,3.7
2025-10-06,North America,142592.52,3057,11.2
2025-08-18,North America,137249.19,3036,3.6
2025-01-16,North America,127417.07,2493,1.2
2025-09-10,North America,141565.14,3428,2.9
2024-09-12,EMEA,43219.35,871,2.2
2024-06-10,North America,98347.15,1937,14.9
2024-08-02,LATAM,20936.51,428,4.8
2024-02-21,EMEA,50544.65,1007,1.8
2024-05-24,North America,96740.7,2330,3.5
2024-07-26,North America,102080.97,2383,5.5
2025-09-19,LATAM,24167.53,533,3.4
2025-01-30,North America,121910.95,2598,2.1
2025-05-03,North America,127512.24,3343,1.3
2025-06-18,LATAM,28260.43,630,4.5
2025-10-22,LATAM,24367.36,611,10.9
2024-05-04,EMEA,41742.65,810,5.4
2024-09-16,LATAM,20162.59,442,2.8
2025-08-08,LATAM,25315.2,536,8.4
2025-11-17,LATAM,26791.26,551,8.8
2024-12-06,North America,,2490,1.4
2025-08-03,LATAM,19608.76,466,7.3
2025-03-18,LATAM,29454.82,720,5.6
2025-04-07,LATAM,26871.83,547,7.8
2025-03-09,EMEA,61903.32,1437,9.3
2025-11-05,EMEA,72834.39,1808,0.7
2024-08-03,LATAM,15392.53,338,3.7
2025-01-03,North America,118286.27,2547,10.5
2024-11-17,LATAM,17735.55,419,2.6
2024-06-03,LATAM,22312.18,445,2.8
2024-05-26,APAC,34581.79,756,12.6
2024-12-14,LATAM,19101.51,445,13.6
2025-01-17,LATAM,23604.64,558,1.5
